{
    "주문진리조트": "https://yaimg.yanolja.com/v5/2022/10/26/16/1280/63595c463e5062.94296786.jpg",
    "경포수 호텔": "https://zimcarry.net/data/item/1675404428/thumb-6rK97Ys7IiY_600x338.jpg",
    "루이스호텔": "https://img1.daumcdn.net/thumb/R800x0/?scode=mtistory2&fname=https%3A%2F%2Fblog.kakaocdn.net%2Fdn%2FbmCjC4%2FbtscHQYZRko%2FgsdkOsZxpVWAoxZJiYr7r0%2Fimg.jpg",
    "스카이 베이 경포": "https://cf.bstatic.com/xdata/images/hotel/max1024x768/129750773.jpg?k=d78c4b3776b28eca5159d89c4daa3ca4d307ee1327a5cf83bc4a27e4fd7cab66&o=&hp=1",
    "강릉 그레이 호텔": "https://cf.bstatic.com/xdata/images/hotel/max1024x768/421300564.jpg?k=e1602a47a5840c9720cca824afa6314b533ae8cc75d1a54c4e198ebbadd2bd43&o=&hp=1",
    "경포비치호텔": "https://www.hotelscombined.co.kr/rimg/himg/c3/9d/d6/revato-360104-13302820-186190.jpg?width=200&height=200&crop=true",     
    "더 홍씨호텔 강릉": "https://cf.bstatic.com/xdata/images/hotel/max1024x768/468019291.jpg?k=78f7b4f9a3fc4638943362421f228a5c2aaf00414734f2e3129f5df6ba1e932d&o=&hp=1",
    "씨마크호텔": "https://www.hotelscombined.co.kr/rimg/kimg/3c/49/dbce9ead8ac05074.jpg?width=968&height=607&crop=true",
    "강릉관광호텔": "https://lh6.googleusercontent.com/proxy/ZpwUTgOMQH3s79vju82I3c_jSBQCbzS-KWGKevKnCsUwAKIFT2ESspTxRr12EUKzvynKtpzdz4hF8HvGYTJMtmHnzhsbs7InQghplMZN6rH9uuLT7NaA",
    "Hotel Tops10": "https://cf.bstatic.com/xdata/images/hotel/max1024x768/317077045.jpg?k=7fc2091c46a399299bf5bc95f9bb2574b5648f1f664cc53773a8aab95f2a4443&o=&hp=1",
    "호텔이스트나인": "https://cf.bstatic.com/xdata/images/hotel/max1024x768/149466828.jpg?k=5420ea69af9113179913156dc1867642a799ad04cfa59e9d968412379a69326a&o=&hp=1",
    "썬크루즈호텔&리조트": "https://www.esuncruise.com/SunCruiseNew_common/images/homepage/visual/irish10.jpg",
    "지브": "https://yaimg.yanolja.com/v5/2024/12/07/06/640/6753e83ad752f7.98154598.jpg",
    "G7 오션뷰 펜션": "https://mblogthumb-phinf.pstatic.net/MjAyMjA5MDRfMTMg/MDAxNjYyMjc1MjUzMzA3.PsSSukNoMwvg9qLRGwRziDEqpCQVTkUgD8b15zxI__wg.MbXq6sHj-VR_PNdM3JcHhND81YD1nWxMyd7yFL4JRFIg.JPEG.sknkeeu/SE-9BC95F34-1B56-4DEE-8971-51CE098042E3.jpg?type=w800",
    "더 클래식 펜션": "https://mblogthumb-phinf.pstatic.net/MjAyMjA0MjZfMTUg/MDAxNjUwOTM1NzAwNDgw.252T3cuDCRzPUl3oIk62ef_VvfBAAEmB5gE48KwIfL4g.lvbCRvccuCIRulvDZAwnaZ_-rRYy9TjRCT0jDguNohEg.JPEG.idabd/20220424%EF%BC%BF133251.jpg?type=w800",
    "벨라": "https://pix10.agoda.net/hotelImages/11070863/0/019630a5b27d1c26482a0e3e2082c69a.jpg?ce=0&s=414x232&ar=16x9",
    "영진스테이2": "https://mblogthumb-phinf.pstatic.net/MjAyMzA3MzBfMTA4/MDAxNjkwNjk5ODQxNDYw.Dt0d2y6lEiTQQ7EQZNFUqR5SWFcixsDj0vVeg90yfNUg.nBLfvhbjyu-e2MDBivfuGH0C2ASzj-2VRCmlUATNgVQg.JPEG.hlinnnnn/IMG_8007.jpeg?type=w400",
    "강릉씨티호텔": "https://static.wixstatic.com/media/0f5436_09eb2725bf78412eafa74c1501e14945~mv2.jpg/v1/fill/w_2500,h_1832,al_c/0f5436_09eb2725bf78412eafa74c1501e14945~mv2.jpg",
    "웨이블루": "https://mblogthumb-phinf.pstatic.net/MjAyMzA0MTBfMTg4/MDAxNjgxMTExNjY3MTQ3.m53ne_-S5mdUOJ3mP5nA6jRkHO9xt__gsL0A35Gtn8Ug.WpBx34Hryx3gBnQXPNub7N6hAKy__69GYhUZochb8pgg.JPEG.arilong68/702804433.595062.jpg?type=w800",
    "컨피네스 오션 스위트": "https://cdn.itbiznews.com/news/photo/202203/66915_61675_5554.jpg",
    "SL호텔 강릉": "https://cf.bstatic.com/xdata/images/hotel/max1024x768/399780529.jpg?k=f7cff6dca30b63832dc5993737ffb158a00c9872b7b1fcfe2f6bc87b3bcb225f&o=&hp=1",
    "브라운도트호텔 경포": "https://yaimg.yanolja.com/v5/2022/01/12/17/640/61df13a2162c58.34009912.jpg",
    "페리아902 오션뷰 키즈 가족 펜션": "https://zimcarry.net/data/item/1675490603/thumb-7Y6Y66as7JWE_600x338.jpg",
    "남문로프트": "https://images.stayfolio.com/system/pictures/images/000/115/922/original/84af2599a2880daba6baf9fd8ad5cc2941caf00c.jpg?1647328767",
    "사천 스테이 195 호텔": "https://mblogthumb-phinf.pstatic.net/MjAyMjA4MTBfMjg3/MDAxNjYwMTEwODA4NTE2.Dtq3Sv_VS5xxQWWqk2hhhVoMI4R3F5b3dlpqJjuCbyog.HfE3eLcqz_UedJUy4Ajy7i3U-XBmP9l4qT9mRbEa8qsg.JPEG.s_dahye01/IMG_0072.JPG?type=w800",
    "강릉 스테이큐 나인": "https://image.withstatic.com/252/219/173/5f0d0ea02ce84f538133feee530e74e6.jpg",
    "강릉 호텔주노": "https://lh3.googleusercontent.com/proxy/7lrAzmap4xJx5aKion5gXIUp172-mov8irAJTvmt-CgSfp1x3FrC8jgFR-WX8h2e_225PewrXAcvHy5G",
    "파인아트라벨 호텔": "https://www.hotelscombined.co.kr/rimg/himg/fe/4e/83/expedia_group-7581606-41a757-854726.jpg?width=968&height=607&crop=true",
    "썬리치펜션": "https://yaimg.yanolja.com/v5/2024/11/13/00/6733f0c214c919.36213128.jpg",
    "호텔큐브": "https://cf.bstatic.com/xdata/images/hotel/max1024x768/596221548.jpg?k=bd3553abc82a1767c33c8a8f5c70b02a86b215b72965d8315a7cdfdb14ea1d2f&o=&hp=1",
    "스테이 수안": "https://cf.bstatic.com/xdata/images/hotel/max1024x768/616769680.jpg?k=c4a4d16f0c0a3e966f3bf02ca289772bec1fe8caacda7a903bc36593f2014815&o=&hp=1",
    "음악시간펜션": "https://image.goodchoice.kr/affiliate/2024/08/28/66cecca15373c.jpg",
    "강릉 휴 펜션": "https://yaimg.yanolja.com/v5/2025/01/14/05/6785fc38bba268.64358949.jpg",
    "강릉 경포대 빅토리아": "https://yaimg.yanolja.com/v5/2024/08/29/13/1280/66d073d8b66246.71229231.jpg",
    "강릉 오션그레이트펜션": "https://d2mgzmtdeipcjp.cloudfront.net/files/waus/2024/04/19/1713482962713.jpg",
    "파라다이스모텔": "https://yaimg.yanolja.com/v5/2018/04/30/16/1280/5ae6c5710fa3a9.38912364.jpg",
    "스테이올라": "https://yaimg.yanolja.com/v5/2025/04/20/05/6804828875a841.64985336.jpg",
    "강릉 루소 호텔": "https://encrypted-tbn0.gstatic.com/images?q=tbn:ANd9GcREwBWTu4qbty2hGLrD68W4Hyy2vjkld2sIjQ&s",
    "강릉 돌고래스파펜션": "https://d2mgzmtdeipcjp.cloudfront.net/files/waus/2025/04/12/1744385687217.jpg",
    "강릉 그란데마레 풀빌라펜션": "https://img.einet.kr/P202308016/landscape/slides/09.jpg?v=1693285405",
    "강릉 올림피아 호텔": "https://yaimg.yanolja.com/v5/2024/10/17/12/67110825abcb61.72940693.jpg",
    "하슬라뮤지엄호텔": "https://pix10.agoda.net/hotelImages/22991324/-1/afaf68b909178dfc0680641e8e8b5b2a.jpg?ca=18&ce=1&s=414x232",
    "세인트 존스 호텔": "https://content.skyscnr.com/available/2009430330/2009430330_WxH.jpg",
    "봉모텔": "https://mblogthumb-phinf.pstatic.net/MjAxODExMTRfMTEg/MDAxNTQyMTcxMzgwNDk2.Ma-jaJWh2cpvQ9T9-tleaQ0lBSIDVIfIlh_NUd4jcW4g.FrgMLWUTFcGJz3lDpFoRIm9YrZbBV2xvbfK0Csx09Wwg.PNG.loveleeyan/image_7670008061542171364523.png?type=w800",
    "오월의정원": "https://images.trvl-media.com/lodging/40000000/39410000/39409600/39409563/b616bc3e.jpg?impolicy=resizecrop&rw=575&rh=575&ra=fill",
    "카리브모텔": "https://yaimg.yanolja.com/v5/2024/07/09/14/1280/668d4b14e65a65.94209613.jpg",
    "강릉 퀴스테 스파펜션": "https://images.trvl-media.com/lodging/71000000/70850000/70846000/70845929/w2880h1615x0y0-26e8f94f.jpg?impolicy=resizecrop&rw=575&rh=575&ra=fill",
    "델피노": "https://encrypted-tbn0.gstatic.com/images?q=tbn:ANd9GcSPgd8UrjJpMC2zvUOEg0P9hMDNLDeAknYASw&s",
    "파랑뷰 호텔": "https://cf.bstatic.com/xdata/images/hotel/max1024x768/433140161.jpg?k=188a8fc0eb7a6005719e3003472f23e2d3e7e74ec73b1eb2698e3177d903382b&o=&hp=1",
    "일성설악콘도": "https://yaimg.yanolja.com/v5/2022/09/20/14/1280/6329cb549d5b80.93863324.jpg",
    "㈜포유리조트": "https://imgtour.gmarket.co.kr/KR/K08/100516465/100516465_0201468_20240924215310.jpg",
    "소노펠리체 델피노": "https://imgtour.gmarket.co.kr/KR/K08/100648828/100648828_4326588_20241204115859.jpg",
    "설악썬밸리": "https://www.sunvalley.co.kr/static/mo/images/sub/resort/seorak_resort.png",
    "금강산콘도": "https://encrypted-tbn0.gstatic.com/images?q=tbn:ANd9GcRrCabbyfFpA2o2kuiFUXO6RTA8mplnSuQN4Q&s",
    "고성 아야진스테이": "https://encrypted-tbn0.gstatic.com/images?q=tbn:ANd9GcRlw5wMJrxTgoNCd4sBKDSkJ5feV5QvOL0MWg&s",
    "이랜드파크 켄싱턴 리조트 설악밸리": "https://cdn.ftoday.co.kr/news/photo/202310/310601_311945_4839.jpg",
    "이랜드파크 켄싱턴 리조트 설악비치": "https://www.youthdaily.co.kr/data/photos/20240415/art_17127979951405_6c20ff.jpg",
    "오션투유리조트": "https://image.goodchoice.kr/resize_1280x1024/adimg_new/56709/9466/8611d91cb0455759883aa83b78dea9c8.jpg",
    "고성 롱비치275": "https://yaimg.yanolja.com/v5/2025/01/16/07/640/6788b64e5290e8.41524794.jpg",
    "파인 리즈 리조트": "https://tourimage.interpark.com/BBS/Tour/FckUpload/201201/6346205226065996449.jpg",
    "아이파크콘도": "https://encrypted-tbn0.gstatic.com/images?q=tbn:ANd9GcRCeN9Em5TeeabUl3PaYj38XV4MUCAYJicysw&s",
    "까사델아야": "https://mblogthumb-phinf.pstatic.net/MjAyNDA2MDNfNDcg/MDAxNzE3Mzk3MzE1NjQy.hQrNEf52fLp3Qd8YFjL93m-I3Gzqlm5H3CEB-4Xiw60g.BY40oIdX9LBL91WwSjzxqxgneZjU6oL-CKGZC6iZYSwg.JPEG/SE-d3303a32-8786-49d3-997a-e9b23ce7e49a.jpg?type=w800",
    "스테이가진": "https://encrypted-tbn0.gstatic.com/images?q=tbn:ANd9GcTOPMbn42VbhByM0E_9xIoBzfakpo0c-Nd5-Q&s",
    "레이크오션": "https://pimg.mk.co.kr/meet/neds/2021/05/image_readtop_2021_471887_16211916634646715.jpg",
    "숲속의 정원": "https://encrypted-tbn0.gstatic.com/images?q=tbn:ANd9GcS6J5LLKtw4VwbrtoUntsxm6cWW2d0tEGvaSA&s",
    "르네블루바이워커힐": "https://img.danawa.com/prod_img/500000/439/423/img/13423439_1.jpg?_v=20230831152350&shrink=360:360",
    "선샤인비치": "https://yaimg.yanolja.com/v5/2022/07/06/16/640/62c5b2d5b19912.92608940.jpg",
    "설악의정원": "https://image.goodchoice.kr/affiliate/2024/03/12/09/660de73f26d64e2fab8f91fa83a16390.jpg",
    "서로재": "https://cdn.imweb.me/upload/S20211011fcacad02ce7d0/cc0cdb7481149.png",
    "g2002": "https://yaimg.yanolja.com/v5/2023/07/12/15/640/64aec3accb70f5.90845535.jpg",
    "청간정콘도": "https://encrypted-tbn0.gstatic.com/images?q=tbn:ANd9GcSSW2EbgkTD8bPeMVbsY7hbvNE4ntecmxvCdg&s",
    "뉴동해관광호텔": "https://image.goodchoice.kr/affiliate/2020/05/28/5ecf0fc649bd7.jpg",
    "동해현진관광호텔㈜": "https://encrypted-tbn0.gstatic.com/images?q=tbn:ANd9GcSpWS5Rvrzhm1Juac1Z4VvXS0tEd05jmuBymw&s",
    "동해글로리아 관광호텔": "https://thumb.tidesquare.com/raw/https%3A%2F%2Fcdnph.tidesquare.com%2F%2Fparagon%2Ffile%2FhotelImg%2F21041%2F20241030011701088.jpg?type=om_pc_big",
    "㈜동해보양온천 컨벤션호텔": "https://q-xx.bstatic.com/xdata/images/hotel/max1024x768/389121049.jpg?k=b8d8a95eb07bb755a9ce2a95623e0ab2eee462bd44061006d0ae85d6178bbc25&o=",
    "망상해오름가족호텔": "https://mblogthumb-phinf.pstatic.net/MjAyMTA4MDRfMTcg/MDAxNjI4MDcwNDU0MjE0.i-g4gqDARw97Rot56M33Kon6CYGrk4p6pMVDN1nmerYg._mQMm6PQepuiuQz8x8ufJxtz7cXp6X7Vzr-OZl3AJiUg.JPEG.jjinny525/%EF%BB%BF%EB%A7%9D%EC%83%81_%ED%95%B4%EC%98%A4%EB%A6%84_%EA%B0%80%EC%A1%B1%ED%98%B8%ED%85%94_%EC%BD%98%EB%8F%84%ED%98%95_%EC%9D%BC%EB%B0%98%EC%8B%A4_%EB%8B%A4%EB%85%80_%EC%98%B4_(1).jpg?type=w800",
    "이스트하우스": "https://pix10.agoda.net/hotelImages/3756645/0/2304f0c19744c3c68da8b9abdadb7238.jpeg?ce=0&s=414x232&ar=16x9",
    "골든스타비치 펜션": "https://bbkk.kr/d/c/3/3345/com_img1.jpg",
    "동해 828 오션뷰 스파 펜션": "https://imgtour.gmarket.co.kr/KR/K08/100747287/100747287_5871578_20240924171801.jpg",
    "동해 어달오션펜션": "https://yaimg.yanolja.com/v5/2025/01/02/02/640/6775f411ba2888.64279015.jpg",
    "동해 선샤인": "https://blog.kakaocdn.net/dn/baMVdS/btrX3uaHMMa/k5knThVqT9hzWlfuekl3NK/img.jpg",
    "아이체크호텔": "https://encrypted-tbn0.gstatic.com/images?q=tbn:ANd9GcStXRw3v5ezs8LVY33wKbhI-lwih2z-0yx8kA&s",
    "동해 안녕동해야": "https://hellodonghae.kr/assets/images/view/3.webp",
    "동해 동해를그리다 펜션": "https://images.trvl-media.com/lodging/69000000/68500000/68499700/68499677/bea493a7.jpg?impolicy=resizecrop&rw=575&rh=575&ra=fill",
    "동해 스테이하몽": "https://image.tport.io/properties/154401/15d6c220-b69b-4052-9908-da1a6ab94f3b-original.jpg",
    "호텔피카소": "https://images.trvl-media.com/lodging/9000000/8750000/8744100/8744042/b7d0c60f.jpg?impolicy=resizecrop&rw=575&rh=575&ra=fill",
    "동해한옥 동안재": "https://pix10.agoda.net/hotelImages/11122492/0/59ab0d882e7a2a56a9ec9017b5e4ea96.jpeg?ce=0&s=414x232&ar=16x9",
    "호텔여기어때 묵호점": "https://pix10.agoda.net/hotelImages/121/12192569/12192569_20010913020086915660.jpg?ca=9&ce=1&s=414x232&ar=16x9",    
    "호텔이스트 (현 애슈리모텔)": "https://tong.visitkorea.or.kr/cms/resource/45/2698445_image2_1.jpg",
    "동해망상해변한옥촌": "https://img.khan.co.kr/news/2017/10/20/l_2017102001002020200163892.jpg",
    "너랑온펜션": "https://encrypted-tbn0.gstatic.com/images?q=tbn:ANd9GcTGKLGRuoT3m5ahF0YHwzUQ228JS6QQ-3U-uw&s",
    "올리브펜션": "https://pix10.agoda.net/hotelImages/1196039/0/2cecc4f3faa20244f019cd4a0a47840e.jpeg?ce=0&s=414x232",
    "망상파크펜션": "https://encrypted-tbn0.gstatic.com/images?q=tbn:ANd9GcQVJVF8TK5Se2FNcWmEgthGV47i7aXGmJ_D1A&s",
    "동해 글로리아펜션": "https://yaimg.yanolja.com/v5/2025/01/11/10/1280/67824e9b0d6550.43133169.jpg",
    "동쪽바다프리미엄하우스(카페앤라씨)": "https://encrypted-tbn0.gstatic.com/images?q=tbn:ANd9GcQZXeEgpWoL-j4qLqDHfLwOix_fqNO4Ra6Bkw&s",       
    "황토민박펜션": "https://yaimg.yanolja.com/v5/2024/06/06/14/640/6661ce4f6ff7f8.44965894.jpg",
    "망상펜션": "https://image.goodchoice.kr/resize_1280x1024/affiliate/2019/07/06/5d2090966fc3b.jpg",
    "아이체크 현진호텔": "https://encrypted-tbn0.gstatic.com/images?q=tbn:ANd9GcStXRw3v5ezs8LVY33wKbhI-lwih2z-0yx8kA&s",
    "쏠비치호텔삼척 ": "https://anytimebus.kr/FileData/hotel/20240204_51A16230C4B35888.jpg",
    "삼척 NS 호스텔": "https://cf.bstatic.com/xdata/images/hotel/max1024x768/645168225.jpg?k=c6ee814ba4767b4267d81c69e72e8349049e753f20b4f64931ae395a7dbde052&o=&hp=1",
    "라온스파펜션": "https://yaimg.yanolja.com/v5/2024/06/28/10/1280/667e8d8d3d71d5.05553995.jpg",
    "씨스포빌콘도": "https://img.wemep.co.kr/deal/5/253/3632535/17479c2d953dfc2172868b134a991c81cfc78055.jpg",
    "힐스노클비치 호텔": "https://yaimg.yanolja.com/v5/2023/09/04/10/1280/64f5af59918b19.57351344.jpg",
    "라벤다모텔": "https://access.visitkorea.or.kr/bfvk_img/call?cmd=VIEW&id=61227bda-c8ed-4d74-8c01-c5f57a3e65c6&",
    "신리마을회(너와마을)": "https://samcheok.grandculture.net/Image?localName=samcheok&id=GC067P00463",
    "그라시아펜션": "https://yaimg.yanolja.com/v5/2024/02/01/18/1280/65bbe6b614d365.72099985.jpg",
    "그린향펜션": "https://thumb.tidesquare.com/raw/https%3A%2F%2Fyaimg.yanolja.com%2Fv5%2F2024%2F07%2F03%2F11%2F668535986fed28.39755403.jpg?type=om_mo_big",
    "삼척비치모텔": "https://yaimg.yanolja.com/v5/2023/05/15/13/1280/646238de691dc8.67634905.jpg",
    "용화호텔": "https://yaimg.yanolja.com/v5/2021/12/17/11/1280/61bc79030dc458.56622280.jpg",
    "펜션오라": "https://q-xx.bstatic.com/xdata/images/hotel/max500/586106791.jpg?k=b27d258a0a7e9ac8e0c534abb8367f01ee55974e41e4288c6fc942b45dc07802&o=",
    "정원가든 애견동반펜션": "https://jungwonps.kr/assets/images/view/1.webp",
    "꽃내음펜션": "https://mblogthumb-phinf.pstatic.net/MjAyMTExMjZfOTAg/MDAxNjM3OTEzNjQzODEy.L-vXQX8znEqN2HjnPtUJ9W9SPBrdD6-XGP9ynxOgXLMg.8bx2ZMuzY8UsGUOPPPbZzWdJzpWmzN3Ca3bsboz1CUEg.JPEG.yenyo/1.jpg?type=w800",
    "힐링캠프 애견동반 펜션": "https://files.ban-life.com/accommodation/2024/09/075a24082a-011e-42cc-bb67-2d7bb947f9e8.jpg",
    "신나개 애견펜션": "https://encrypted-tbn0.gstatic.com/images?q=tbn:ANd9GcQ5Ycx2PUw8hrilt_4c42IlB4g02r5OltzPoQ&s",
    "나디아민박": "https://tong.visitkorea.or.kr/cms/resource/10/2920910_image2_1.jpg",
    "해마루 펜션": "https://thumb.tidesquare.com/raw/https%3A%2F%2Fi.travelapi.com%2Flodging%2F69000000%2F68420000%2F68411000%2F68410946%2F89abf0d8_z.jpg?type=om_pc_big",
    "더블유펜션[한국관광 품질인증/Korea Quality]": "https://tong.visitkorea.or.kr/cms/resource/12/3043412_image2_1.jpg",
    "코아페바다펜션": "https://i.ytimg.com/vi/sjBRd7G-BVg/maxresdefault.jpg",
    "향초목원": "https://media.triple.guide/triple-cms/c_limit,f_auto,h_1024,w_1024/670727fc-d308-4e63-8c3b-f24fb5c8887e.jpeg",
    "로즈밸리": "https://www.samcheok.go.kr/CmsMultiFile/view.do?multifileId=TL00000046&idx=1403",
    "티오피모텔": "https://www.samcheok.go.kr/CmsMultiFile/view.do?multifileId=TL00000031&idx=594",
    "솔향기가득한집": "https://mblogthumb-phinf.pstatic.net/MjAyMTEwMThfMjE0/MDAxNjM0NTE4MzI5Mzgw.AIq2QgFR9G5i7-6fmiUazdPDbxXXC594-FW9NcTkFrog.kul6PpaC35tSReV8NXhF-A--JgbT_8Yu6cDL2iMl9hcg.JPEG.cy044/396A0231.jpg?type=w800",
    "마레몬스호텔": "https://images.trvl-media.com/lodging/5000000/4180000/4174600/4174558/96e0a77d.jpg?impolicy=resizecrop&rw=575&rh=575&ra=fill",
    "켄싱턴스타호텔": "https://kensington-stars-hotel-sokcho.booked.kr/data/Photos/OriginalPhoto/15543/1554384/1554384058/Kensingtonhotel-Seorak-Sokcho-Exterior.JPEG",
    "체스터톤스 속초": "https://cf.bstatic.com/xdata/images/hotel/max1024x768/668872646.jpg?k=d85f4d466e64f4230013dd4dbf2fbfc8a62f8118aee1f7d68bb40d928d7efbe8&o=&hp=1",
    "베니키아 산과 바다 대포항": "https://www.benikea.com/ezstock/1107/hotel/main1(1).jpg",
    "롯데리조트 속초": "https://www.lotteresort.com/static/upload/images/20190508/36f62c7d-6deb-4caf-97e9-3323a234c8b2.jpg",
    "비즈니스 호텔 카멜": "https://image.goodchoice.kr/resize_792x480/adimg_new/72356/22841/f4a5119270684f5aee49c9343a42bab8.jpeg",
    "베니키아 산과 바다 속초": "https://image.goodchoice.kr/resize_1280x1024/affiliate/2022/05/02/626f95c76c633.jpg",
    "호텔굿모닝": "https://q-xx.bstatic.com/xdata/images/hotel/max500/362840430.jpg?k=9dc8508d78abcab0930c7f59bb0bc4897e09eb00adf02aad5a14abab03c1e7cd&o=",
    "호텔더블루테라": "https://images.trvl-media.com/lodging/61000000/60390000/60387300/60387250/718217c5.jpg?impolicy=resizecrop&rw=575&rh=575&ra=fill",
    "스테이호스텔": "https://cf.bstatic.com/xdata/images/hotel/max1024x768/536415103.jpg?k=923b43a36402db307ba561b3ed77f3eb18b5a22b646e8a36dda4e022838371de&o=&hp=1",
    "속초비치호스텔": "https://modo-phinf.pstatic.net/20220418_211/1650262841259e4fVj_JPEG/mosafHbGxD.jpeg?type=w1100",
    "속초 화이트하우스 수영장펜션": "https://d2mgzmtdeipcjp.cloudfront.net/files/waus/2023/11/15/1699995262620.jpg",
    "씨크루즈 호텔 속초": "https://cf.bstatic.com/xdata/images/hotel/max1024x768/268621526.jpg?k=cac05809773202da51b6d4003414224fda4b36741669e389645db474a6198c26&o=&hp=1",
    "더 호텔 속초 바이 베스트 웨스턴 시그니처 컬렉션": "https://cf.bstatic.com/xdata/images/hotel/max1024x768/592548285.jpg?k=e0d7c4fa1f8dcad26b4dfb7b90b67bc2513eed7294b104eec80e1776f749310c&o=&hp=1",
    "마리나베이 속초": "https://cf.bstatic.com/xdata/images/hotel/max1024x768/593936706.jpg?k=57ff9851a6ede7112c147a5c951053ccb0792cc2ccc8b5922db37642349cfb7c&o=&hp=1",
    "속초 소노레지던스": "https://pix8.agoda.net/property/70718415/0/c340512e06fe686d02003cd7f86a5feb.jpeg?ce=2&s=1024x",
    "팜파스 호텔&리조트 속초": "https://cf.bstatic.com/xdata/images/hotel/max1024x768/219893714.jpg?k=af87a7e0634f28d760211e3732929696ada7b645367470fcbc202e9c461868a1&o=&hp=1",
    "더펠리스": "https://encrypted-tbn0.gstatic.com/images?q=tbn:ANd9GcRvmb1YbbtxfMtayf9tRBG63chD7c6A3xaPIw&s",
    "르컬렉티브 속초중앙": "https://cf.bstatic.com/xdata/images/hotel/max1024x768/654422325.jpg?k=794e0bda766f493e062edc73ac5e6fe7b5162e7303c5049109b0af3173a9502f&o=&hp=1",
    "어반스테이 속초등대해변": "https://cf.bstatic.com/xdata/images/hotel/max1024x768/666783679.jpg?k=1aeafec9db013cb61339fa3419bc4b1e20d32113b6a949255892baf4e87e372c&o=&hp=1",
    "설악파인리조트": "https://img2.tmon.kr/cdn3/deals/2019/12/06/2807258014/original_2807258014_front_232ed_1575622717production.jpg",
    "신세계영랑호리조트": "https://imagenew.hotelpass.com:45002/KRSHO006/KRSHO006info0.jpg",
    "한화호텔앤드리조트(쏘라노)": "https://www.newskr.kr/news/photo/202302/87318_75428_5810.jpg",
    "현대수콘도미니엄": "https://pix8.agoda.net/hotelImages/286797/-1/ae848d8522df6a271bb60c52488270c5.jpg?ca=9&ce=1&s=1024x",
    "도미니클라바 속초": "https://images.trvl-media.com/lodging/104000000/103090000/103080800/103080773/978a7021.jpg?impolicy=resizecrop&rw=575&rh=575&ra=fill",
    "금호설악콘도": "https://lh5.googleusercontent.com/proxy/u2-nh0TRtJlVG3SAE2D22L3XpUwpRUXC1PHqu5FLdQUVlIgDy3Lt4kekeMRszDHMTwcwOPeeDHnmjpkyfNMgub9olcUl9-4qknupfR6WoIuPRuTZiKXHkwekPW2Q2DsAfugVJJDxPkoE-mMn8bCOhEY",
    "라마다 속초": "https://cf.bstatic.com/xdata/images/hotel/max1024x768/579836841.jpg?k=e2966d4a96c39e72710470bf4e2fb661fe47f2a9601efddb530ee60766970395&o=&hp=1",
    "호텔 아마란스": "https://images.trvl-media.com/lodging/6000000/5070000/5067200/5067159/d34eb83e.jpg?impolicy=resizecrop&rw=575&rh=575&ra=fill",
    "송월파크": "https://cf.bstatic.com/xdata/images/hotel/max1024x768/23078874.jpg?k=5c9f78355e4584f18d0560e228f4a002e9ce4b1d71a285530b99af621783913a&o=&hp=1",
    "더케이설악산가족호텔": "https://yaimg.yanolja.com/v5/2024/01/30/11/1280/65b8dd715626b0.13944847.jpg",
    "화이트스테이션 호스텔": "https://tong.visitkorea.or.kr/cms/resource/36/2919736_image2_1.jpg",
    "바다향기펜션": "https://pix8.agoda.net/hotelImages/30160288/0/bcf92729a00cfa1e437595aae2a984b0.jpg?ca=26&ce=0&s=1024x",
    "해림모텔": "http://tong.visitkorea.or.kr/cms/resource/90/3071490_image2_1.jpg",
    "호텔 느낌": "https://yaimg.yanolja.com/v5/2020/04/17/16/1280/5e995b26b9eb48.17029207.jpg",
    "위너스모텔": "https://tong.visitkorea.or.kr/cms/resource/10/735310_image2_1.jpg",
    "광림모텔": "https://tong.visitkorea.or.kr/cms/resource/85/709585_image2_1.jpg",
    "대궐파크": "https://mblogthumb-phinf.pstatic.net/MjAyMzAzMjNfMTk2/MDAxNjc5NTI2NzMyODY4.bXgS80FV-P6okhoLdLhMzXjigbRvy5RKVn-_YiuYQXIg.V7Zj_snaNn-wOJgLkM0T-yw0kOceVwhov10wXXPNFbEg.JPEG.dlwlrma9914/2_image.jpg?type=w800",
    "조양펜션": "https://d2mgzmtdeipcjp.cloudfront.net/files/waus/2023/03/01/1677610082787.jpg",
    "미라지모텔": "https://yaimg.yanolja.com/v5/2018/08/13/11/1280/5b70e90e81af71.94703020.jpg",
    "헬리오스모텔": "https://lh4.googleusercontent.com/proxy/Aq7ls_XzmAwj62I8TmF3E8pYlJTVM--zsqf4Un3x0Ox2CuCydiSGaxZ9ztGnFao-lywlPOOXL8-hb6IMSVPcZDVJxZnB-sNs7oiz",
    "아이리스모텔": "https://search.pstatic.net/common/?src=http%3A%2F%2Fblogfiles.naver.net%2F20130628_11%2F007thvnd_1372406222230Q08Ih_JPEG%2F1.jpg&type=sc960_832",
    "더 레드 하우스": "https://search.pstatic.net/common/?src=http%3A%2F%2Fblogfiles.naver.net%2FMjAyMDA2MjNfMjIx%2FMDAxNTkyODk0NTY4NjUx.KO0m2oMR4GUi4qYFP0bx42PcwE76Sz1ZKuDob2ya6Qgg.UJAqjnbyhaShV86ziA-gewSILWRJ6Xa_LkwGEA-s-_Yg.JPEG.kjeijf34%2F2020-06-08_150734.jpg&type=sc960_832",       
    "설악산파크리조트": "https://search.pstatic.net/common/?src=http%3A%2F%2Fblogfiles.naver.net%2FMjAyMDAyMTZfNTAg%2FMDAxNTgxODI4NDE4ODIz.XnZiY08L4rnSQRklA5OBHX0tGMhCREYp-k_pgPYA0dEg.Y4VrV9z_eQ88cXJjg70yrYpp1ICeZVCOZRBg0qrxlwwg.JPEG.megan00707%2FIMG_0285.JPG&type=sc960_832",
    "위드유[한국관광 품질인증/Korea Quality]": "https://search.pstatic.net/sunny/?src=https%3A%2F%2Fcdn.visitkorea.or.kr%2Fimg%2Fcall%3Fcmd%3DVIEW%26id%3D0661fd77-4ae5-4225-942a-fb0e703ec281&type=sc960_832",
    "설악힐호텔": "https://search.pstatic.net/common/?src=http%3A%2F%2Fblogfiles.naver.net%2FMjAxNzA4MTRfMjcw%2FMDAxNTAyNzEyNTc2ODYy.MAGBk5voiyW6dR6ulI7TQA4yZVBCGH0A1V7chVzqLXog.cPZrFbMVcv5cpdwOtpNKcbwa54RBJJmgPafBJMpjqlYg.JPEG.o_o9106%2F%25BC%25B3%25BE%25C7%25C8%25FA%25C8%25A3%25C5%25DA_%25281%2529.JPG&type=sc960_832",
    "(주)척산온천휴양촌": "https://search.pstatic.net/common/?src=http%3A%2F%2Fblogfiles.naver.net%2FMjAxODA5MjFfMTE2%2FMDAxNTM3NDkxNDYzNzAx.BmK0sISSyYk8rXvBp4f1lzhBEq2frupZ62_v6LZQBLUg.OKN52yO-wi_rKMmKfmfPKRMOVJIw9H3XBlIoFP6qSx0g.JPEG.kdy3748%2F18-09-18-17-31-41-990_deco.jpg&type=sc960_832",
    "리센 오션파크 속초": "https://search.pstatic.net/common/?src=http%3A%2F%2Fblogfiles.naver.net%2FMjAyMjA2MThfMTQz%2FMDAxNjU1NTM5OTA0Nzc1.TKBz-IzSAjI-J-4K2W__8ou-t8M4VkM3iRP7zn35dOMg.-Kf7Y5qZYaIql0j7tIcwYZ_o3auv-nIfVdPk48qtqyYg.JPEG.seasun16%2F465B5745-E0FD-4D4E-BB66-D1DEA9C58481.jpeg&type=sc960_832",
    "컨피네스 비치호텔": "https://search.pstatic.net/sunny/?src=http%3A%2F%2Fimagenew.hotelpass.com%2FKRSHO144%2FKRSHO14422.jpg&type=sc960_832",
    "팜파스리조트": "https://images.trvl-media.com/lodging/14000000/13480000/13474600/13474543/42346345.jpg?impolicy=resizecrop&rw=575&rh=575&ra=fill",
    "두호텔 [한국관광 품질인증/Korea Quality]": "https://yaimg.yanolja.com/v5/2023/06/28/17/1280/649c6e2dd308a0.42071379.png",
    "호텔포레": "https://image.withstatic.com/178/434/365/52a1ca52b76b4bebac1ebe5aa695c05e.jpg",
    "속초 관광호텔 베리트": "https://cf.bstatic.com/xdata/images/hotel/max1024x768/623577583.jpg?k=b988f0294a571c09622a0d62ea751ca7b1526665d3c91c2aedd120b545d9fac8&o=&hp=1",
    "모아모텔": "https://yaimg.yanolja.com/v5/2024/12/09/09/1280/6756b32f62b0d1.41301984.jpg",
    "시나브로 모텔": "https://yaimg.yanolja.com/v5/2021/03/19/16/1280/6054d68f347d83.57009770.jpg",
    "등대비치 레지던스 호텔[한국관광 품질인증/Korea Quality]": "https://tong.visitkorea.or.kr/cms/resource/97/2950597_image2_1.jpg",
    "에이스모텔": "https://image.goodchoice.kr/adimg_new/3443/3616/01407daf423d00dd508ac99a7390ee92.jpg",
    "조광모텔": "https://tong.visitkorea.or.kr/cms/resource/90/709790_image2_1.jpg",
    "청초비치 모텔": "https://tong.visitkorea.or.kr/cms/resource/94/217894_image2_1.jpg",
    "해맞이모텔": "https://image.goodchoice.kr/adimg_new/6116/6237/674f48fda40f9fe79fec89feaa14153b.jpg",
    "해피하우스": "https://encrypted-tbn0.gstatic.com/images?q=tbn:ANd9GcQ53mg8mjbdHAsld11FQTQrPDFv92RoJUX_zQ&s",
    "뉴스타트설악리조트[한국관광 품질인증/Korea Quality]": "https://tong.visitkorea.or.kr/cms/resource/37/2531937_image2_1.jpg",
    "초원리조텔": "https://yaimg.yanolja.com/v5/2019/12/20/13/1280/5dfc4abe3dada0.93388560.jpg",
    "양구KCP호텔": "https://compphoto.incruit.com/2006/02/%EC%A0%95%EB%A9%B4.jpg",
    "바우야생화농장펜션": "https://yaimg.yanolja.com/v5/2018/01/08/16/1280/5a5319316b78b9.47591013.jpg",
    "주목나무펜션": "https://yaimg.yanolja.com/v5/2024/06/02/11/1280/665c53bb775323.14720701.jpg",
    "양구 테마": "https://mblogthumb-phinf.pstatic.net/MjAxNjExMTdfMjk3/MDAxNDc5MzU3MDcyNDc1.tG-feJGzZponZWqL8ZliPisx-0ezJPvxaH9wLEJTAqYg.3QKAEdqnTm2gFgUYZfOmxZRt5DtWZhl0bU7I18afHYsg.JPEG.yoongolfacademy/image_2992453361479357064435.jpg?type=w800",
    "양구 고향의봄펜션": "https://image.goodchoice.kr/resize_1280x1024/affiliate/2024/08/28/66ce78224fc4f.jpg",
    "산골나그네 펜션": "https://modo-phinf.pstatic.net/20230611_43/16864554508740XUS1_PNG/mosa1luTH9.png?type=f320_320",
    "양구콩세알민박(양구콩세알펜션)": "https://encrypted-tbn0.gstatic.com/images?q=tbn:ANd9GcR4yptIHiXjwN_Z9K-lxjVA_AVI71IyAlKWZQ&s",
    "학조리샘말펜션": "https://image.goodchoice.kr/affiliate/2021/07/30/01/48d7c31d3c8e40e785bf2681f280e472.jpg",
    "현대모텔": "https://yaimg.yanolja.com/resize/place/v4/2017/08/25/22/1280/59a026238d0206.26986069.jpg",
    "쏠비치 호텔 양양": "https://imgtour.gmarket.co.kr/KR/K08/100457177/100457177_0793247_20241204121125.jpg",
    "베니키아호텔 산과바다 양양": "https://cf.bstatic.com/xdata/images/hotel/max1024x768/192391870.jpg?k=9df70ff7b35832c8284ee0ea9b86c725b03a22cf593b17bdb0aa7baac57ee888&o=&hp=1",
    "어반스테이 낙산해변": "https://support.urbanstay.co.kr/hc/article_attachments/37298157597209",
    "오색그린야드호텔": "https://cf.bstatic.com/xdata/images/hotel/max1024x768/644815154.jpg?k=435db4d36005f65e45966ad54b26035853b0ca4db1f3b8376f42df517004ca47&o=&hp=1",
    "낙산비치호텔": "https://cf.bstatic.com/xdata/images/hotel/max1024x768/102769651.jpg?k=42f0263f809e0c43e21641e918cf8ccfecde56a80249fceb07b8c66d5b447979&o=&hp=1",
    "더앤리조트": "https://img2.tmon.kr/cdn4/deals/2023/04/28/19706860158/original_19706860158_front_aa2f0_1682671003production.jpg",
    "센텀마크 호텔 양양": "https://cf.bstatic.com/xdata/images/hotel/max1024x768/327785035.jpg?k=8268698eefdc3be8ea7d9be50b20c553ede38bc75470bc4fb8372913f2a4e4fd&o=&hp=1",
    "그랑베이 바이 소타 스위트": "https://cf.bstatic.com/xdata/images/hotel/max1024x768/589816629.jpg?k=2333a30963c3787fe079f9099274f6b19e1b23bceece22940d6b7b280047e651&o=&hp=1",
    "투와이호텔": "https://encrypted-tbn0.gstatic.com/images?q=tbn:ANd9GcS0NB2wCfmyzsqQWOATR3YOXTmf4G7Ba2K-vA&s",
    "일기일회": "https://mblogthumb-phinf.pstatic.net/MjAyNDA1MjlfMTA3/MDAxNzE2OTY0NTI1NDA0.u0X10sTaPOFpt3nc3K00cjjAemGJ9I6HqHrj5i2rzgMg._DMJnlPlI2Ly5-Wsox9Q92EPL2Z1KZw0eSgZ0jSzbOMg.JPEG/464.jpg?type=w800",
    "이엘 호텔": "https://www.hotelscombined.co.kr/rimg/himg/a5/a8/85/revato-1475657-10990826-799171.jpg?width=968&height=607&crop=true",       
    "호텔 웨이블런트 양양": "https://yaimg.yanolja.com/v5/2025/04/09/07/1280/67f627dd1ea4b2.97735610.jpg",
    "인구스테이": "https://cf.bstatic.com/xdata/images/hotel/max1024x768/468339746.jpg?k=4264e3aace5c4555231e9b9b8b0e9c6db57452da0995e7f9a292278657ac4438&o=&hp=1",
    "양양비치콘도": "https://yaimg.yanolja.com/v5/2019/09/04/19/5d6f8d31297fa6.08072591.jpg",
    "코랄로 바이 조선": "https://cphoto.asiae.co.kr/listimglink/6/2023020114574510348_1675231065.jpg",
    "낙산 패밀리파크": "https://lh4.googleusercontent.com/proxy/V79MIAdvhLJGgfHUoncM9K02haPAtBjFZao9skKfHpfZ0EVpEFfZSFZYfXjSohqhZ3ZOsiUf4LfTroKvzaY36q8gFA",
    "연어의 고향 펜션": "https://image.goodchoice.kr/resize_1280x1024/affiliate/2024/03/12/08/1697192120874FUNcrioEeVwaTWdNnnK.jpg",
    "오핑펜션": "https://encrypted-tbn0.gstatic.com/images?q=tbn:ANd9GcSg7gdxv3VIB-ihE8sjFyfd0iqDBku0b1VVQg&s",
    "빈티지하우스펜션": "https://image.goodchoice.kr/affiliate/2024/03/12/08/6c70ee9677d84a9fa1888ab4c6498a0c.jpg",
    "초록바다펜션": "https://image.hotelpass.com/KRYNY0522.jpg",
    "보노펜션": "https://cdn.imweb.me/upload/S201807195b501d0694f44/5b50557b3ecd3.png",
    "양양 스테이 프리덴": "https://mblogthumb-phinf.pstatic.net/MjAxOTA1MjdfMjIy/MDAxNTU4OTEyMTA4OTM1.9Jvz_hT46LtA-MJGGItE5nNcpqr-5NlcvfqQV2I7dR4g.ILXdWhRTBj2g0OazWLeDqOwCS3iVdqA2av8qxjlRfSsg.JPEG.xodud86/IMG_5566.jpg?type=w800",
    "씨젠콘도텔": "https://image.goodchoice.kr/adimg_new/62186/10429/f0378d543bff7610d1c2fd1ad9d45ea7.jpg",
    "알프스비치": "https://pix10.agoda.net/hotelImages/25910762/0/ae9de2d7933d05a578a426123fcdb6ca.jpg?ca=25&ce=0&s=414x232&ar=16x9",
    "서퍼스파라다이스 STAY": "https://encrypted-tbn0.gstatic.com/images?q=tbn:ANd9GcT78KgS1Cfcy67EyUklUG_XemH1t_JyyuRUpA&s",
    "아름다운바다콘도텔": "https://thumb.tidesquare.com/raw/https%3A%2F%2Fi.travelapi.com%2Flodging%2F49000000%2F48240000%2F48231000%2F48230992%2F2a61a8a6_z.jpg?type=om_pc_big",
    "메종드메르": "https://img.einet.kr/P201901002/facilities/27394/mo/1.jpg?v=1562132139",
    "수산모텔": "https://yaimg.yanolja.com/v5/2018/07/19/18/1280/5b50539e91bb73.91771106.jpg",
    "양양국제공항호텔": "https://encrypted-tbn0.gstatic.com/images?q=tbn:ANd9GcRip7PQy9NJ4F09snLBl23ZKhc_EmYs9E9Dag&s",
    "38마린리조트": "https://cdn.imweb.me/upload/S201807095b42b8f7dd0cd/5b43169547f26.png",
    "지오 파인트리": "https://q-xx.bstatic.com/xdata/images/hotel/max500/506453550.jpg?k=797223f2ef649d1bac4789246d8a92bc0b422b23d43917d5096b29fbd2c3c1e6&o=",
    "아담하우스": "https://image.goodchoice.kr/resize_1280x1024/affiliate/2024/11/18/17/79846346123642768cb75cc97b306b85.jpg",
    "숲속의집": "https://encrypted-tbn0.gstatic.com/images?q=tbn:ANd9GcSQ1DCSR3Wwl305K62i1LA2ZZ3S-twpNdC4uQ&s",
    "몬띠마르펜션": "https://dangdangmap.net/upload/mapdata/C0111/thumb/content/C0111_F20210828181155010.jpg",
    "더퍼피즈블루오션": "https://tong.visitkorea.or.kr/cms/resource/10/2920310_image2_1.jpg",
    "양양해피플레이스": "https://image.withstatic.com/250/13/71/be3f22c6a6994b8aa6217407f13c31b1.jpg",
    "아쇼카펜션": "https://pix10.agoda.net/hotelImages/21755464/0/278216bf72d937cfcf02376f0fd53e8c.jpg?ce=0&s=414x232&ar=16x9",
    "하조대아름들펜션": "https://cf.bstatic.com/xdata/images/hotel/max1024x768/574636530.jpg?k=4d6e4f07abdb189104b0eb2a0a843b588a32f9fb1bea21e4682c3abcd5f72ec0&o=&hp=1",
    "설악비치펜션": "https://yaimg.yanolja.com/v5/2019/04/10/13/1280/5cad6fec90b911.02729000.jpg",
    "스테이다로": "https://mblogthumb-phinf.pstatic.net/MjAyMzAxMjhfMTgg/MDAxNjc0ODg2MzMzMzA5.aESazYM93wVT3mwEGop6LnU-5lvW2oXtkuLVdBkkLKwg.dhW-U9KtYM6z342Bq4mmcyhBDtBM3i9cKqHH9rhW6Z8g.JPEG.psy8272/1674886328839.jpg?type=w800",
    "스테이다로2": "https://encrypted-tbn0.gstatic.com/images?q=tbn:ANd9GcQlM5uP8_A2GteEVyPM1fLV-oNtzaY3ZJN1ew&s",
    "바다둥지모텔&펜션": "https://tong.visitkorea.or.kr/cms/resource/43/3054343_image2_1.jpg",
    "코게러지": "https://cf.bstatic.com/xdata/images/hotel/max1024x768/544483301.jpg?k=14473edb21140b3398515945fdd562bc6ab8f1fb2e1b9beb7c6bcf668b32cbd1&o=&hp=1",
    "더낙산호텔": "https://yaimg.yanolja.com/v5/2024/04/02/12/1280/660bf4384f5035.09800932.jpg",
    "브리드호텔 양양": "https://yaimg.yanolja.com/v5/2022/09/23/14/632dc41ee214a5.26151928.jpg",
    "환상의성": "https://mblogthumb-phinf.pstatic.net/MjAyMTA3MjhfMjUx/MDAxNjI3NDU1MjkwMjg1.KZ0QhLyKhfg0o8FuGEKrwDvuOuRUeOiQ7mbYy3jm9R4g.5Xt6TV8eUxoq75EWjygK1GP4JKhnPlnT7IesUDdxA6Eg.JPEG.gkgmtwjd/20210717_160520.jpg?type=w800",
    "송이모텔": "https://mblogthumb-phinf.pstatic.net/MjAxOTA4MTlfMTA3/MDAxNTY2MjIzODQ0NzU2.cUJ9OeS5frePa-RiJLuBiPvQBLkGNu3U_U0SduuwO5gg.Ia0TSbSziOcG2GiihX2A_p4az_6GcEbTppMia8K1dQIg.JPEG.wave0120/20190815_190045.jpg?type=w420",
    "모비딕 모텔": "https://yaimg.yanolja.com/v5/2024/11/13/05/1280/67343af6753f92.99332620.jpg",
    "동강시스타": "https://images.trvl-media.com/lodging/40000000/39660000/39659700/39659623/5da83e9e.jpg?impolicy=resizecrop&rw=575&rh=575&ra=fill",
    "강가에 하얀집 펜션": "https://yaimg.yanolja.com/v5/2024/11/25/11/1280/67445ac30cdb09.68333552.jpg",
    "예솔누리": "https://imgtour.gmarket.co.kr/KR/K08/100476915/d6be6b67e15341a8a8c79ffa87b80058_20230414092049.jpg",
    "동강빌리지": "https://boatcamp.co.kr/image/travel/dg_bilriji/mimg01.jpg",
    "휴펜션": "https://tong.visitkorea.or.kr/cms/resource/48/2800348_image2_1.jpg",
    "청호정펜션": "https://a0.muscache.com/im/pictures/332c5380-2526-4fc3-b23b-78edaddf65b1.jpg?im_w=720",
    "조견당": "https://yaimg.yanolja.com/v5/2022/07/01/11/1280/62bedee0d33f49.60563421.jpg",
    "비브릿지": "https://yaimg.yanolja.com/v5/2025/04/21/07/1280/6805f2185f97b6.17393635.jpg",
    "산골흙집": "https://cdn.ardentnews.co.kr/news/photo/202407/3709_17341_2115.jpg",
    "사람과자연펜션": "https://image.goodchoice.kr/affiliate/2024/03/12/08/71218f4f9c8640fbbbfed45859979839.jpg",
    "하늘샘펜션": "https://yaimg.yanolja.com/v5/2024/08/29/10/1280/66d04a270ba224.59287147.jpg",
    "해질녘강물소리": "https://image.goodchoice.kr/affiliate/2023/05/16/11/e08e84e91cbb4c5a9bc01fc1b40dc6d9.jpg",
    "산수애": "https://tong.visitkorea.or.kr/cms/resource/20/3349720_image2_1.JPG",
    "엘솔펜션": "https://tong.visitkorea.or.kr/cms/resource/54/1843054_image2_1.jpg",
    "동방모텔": "https://tong.visitkorea.or.kr/cms/resource/10/3342210_image2_1.jpg",
    "드림힐펜션": "https://tong.visitkorea.or.kr/cms/resource/74/3475074_image2_1.jpg",
    "한우리펜션": "https://yaimg.yanolja.com/v5/2022/05/24/13/1280/628ce0016b8d81.80012084.JPG",
    "엄둔가자화이트펜션": "https://tong.visitkorea.or.kr/cms/resource/36/1843036_image2_1.jpg",
    "베니키아문막호텔": "https://dynamic-media-cdn.tripadvisor.com/media/photo-o/07/29/19/5c/extrior.jpg?w=900&h=500&s=1",
    "호텔비즈인": "https://q-xx.bstatic.com/xdata/images/hotel/max500/213580900.jpg?k=2d16f7e27885b95818e81ca195f47cac0f466288c434a8af918cad2d6000b36e&o=",
    "시티호텔": "https://images.trvl-media.com/lodging/23000000/22640000/22630800/22630753/afd11a55.jpg?impolicy=resizecrop&rw=575&rh=575&ra=fill",
    "호텔 덕영": "https://yaimg.yanolja.com/v5/2024/08/21/12/66c5e12386d990.28714723.jpg",
    "호텔인터불고 원주": "https://encrypted-tbn0.gstatic.com/images?q=tbn:ANd9GcQbSv7XDkm9sfSC1r7rtyvrTA_jmDV7faYYZw&s",
    "오크밸리": "https://q-xx.bstatic.com/xdata/images/hotel/max500/482691455.jpg?k=fa39940d9447ade4479c49b04e8ad1f4dea80b327e40a2b111b8410d9baa860a&o=",
    "베니키아 호텔 비즈인": "https://www.benikea.com/ezstock/1093/hotel/LKJ05407-2.jpg",
    "별무인호텔": "https://mblogthumb-phinf.pstatic.net/MjAxODAzMjBfMTk0/MDAxNTIxNTIxMzc4OTMy.4z9plBWsbPWiJ63iAIfJU15VXmQn-43fHo0kBdoJpzQg.XsPoWCDLPCCQmFSd0vZKNWY1Q3PLhxENVfeW4CV3zocg.JPEG.gogogogo0104/006-20180320-134923.jpg?type=w800",
    "클라우드펜션민박": "https://d2mgzmtdeipcjp.cloudfront.net/files/waus/2024/06/04/1717456391766.jpg",
    "또아리하우스": "https://yaimg.yanolja.com/v5/2020/04/21/20/1280/5e9ed7f3318dd8.59241846.jpg",
    "오키드호텔": "https://images.trvl-media.com/lodging/45000000/44150000/44148000/44147976/6dce93af.jpg?impolicy=resizecrop&rw=575&rh=575&ra=fill",
    "오크카운티펜션": "https://yaimg.yanolja.com/v5/2025/01/02/06/1280/677633b1181d03.75768161.jpg",
    "유알풀빌라펜션": "https://image.goodchoice.kr/affiliate/2024/10/28/15/92411a91-6b53-431a-a5ed-cfe996c03a07-original.jpg",
    "솔치송어파티펜션": "https://d2mgzmtdeipcjp.cloudfront.net/files/waus/2023/05/12/1683843634893.jpg",
    "하이봉자": "https://mblogthumb-phinf.pstatic.net/MjAyMzEyMTdfMjM0/MDAxNzAyODA4MTI2MDg4.DYfGu4BMX3BUMP0wjyQ-J7bJx1pOpUzF88VYILcOtHMg.V7kmmy9YcLgmwdSOzx6ohB6InQO4xsyH6p8qSiOUdUcg.JPEG.ghs02034/IMG_1102.JPG?type=w800",
    "비안단테펜션 원주점": "https://encrypted-tbn0.gstatic.com/images?q=tbn:ANd9GcTaSxdTXp8qimk-oaHKsjOEWNyxceIqvTUklg&s",
    "보스코아호텔": "https://pix10.agoda.net/hotelImages/13862646/-1/b7863a473028f6385a981600325fdf55.jpg?ca=11&ce=1&s=414x232",
    "오크밸리 골프빌리지사우스콘도": "https://mblogthumb-phinf.pstatic.net/MjAyMDA2MzBfMTM1/MDAxNTkzNTE5MjQ5NjU3.7CASTxAiDgg0JtJg3avb0cg1VYaHIzQENHXHyrNL-Jkg.pPtZpW2UHb9gi7g9w4ao1A8C8RjKMbmI-AZcVXtunmgg.JPEG.mini6840/20200627_182731.jpg?type=w800",
    "호암산장": "https://yaimg.yanolja.com/v5/2023/12/05/11/640/656f0af8150cf6.88994797.jpg",
    "원모텔": "https://access.visitkorea.or.kr/bfvk_img/call?cmd=VIEW&id=a0da4abc-8023-4a81-862a-8f90971f5ef6&",
    "스피디움호텔": "https://hc.speedium.co.kr:6443/mobile/img/s0101img.jpg",
    "꿈동산펜션": "https://dhill.monocdn4.kr/uploads/greetings/r3_day_00007.jpg",
    "아웃도어패밀리": "https://tong.visitkorea.or.kr/cms/resource/34/1843134_image2_1.jpg",
    "맑은물소리 펜션": "https://lh5.googleusercontent.com/proxy/U-rnMQTg6RQf8RZbeTRIRYw5K9eDtQJwaaYVreeIrfifkFtmk8MOG37YRzRiDFjrMOOH6JjDrf0LHsTdcqvajFF33tksjnnXpfZx8Ul6IPXJfMbNGIqnORQCJdvH1XK_XkJCkhbsWeTB2v0iQdtJd_4HEA",
    "강변에서 황토콘도": "https://modo-phinf.pstatic.net/20240707_44/1720350870904kkl3O_JPEG/mosalasELj.jpeg?type=f320_320",
    "설산펜션": "https://lh4.googleusercontent.com/proxy/NW2SgNA3_cOyOgSfKEgyyorMLneA3xWD4vtk9AKGas97Y55IxS440pxcOQUGATxPGRFwDR1Te2eG61qHKrXzuv8kijilqFj55Hs",
    "방태산황토펜션": "https://modo-phinf.pstatic.net/20151118_286/1447773831528spxJ8_JPEG/mosaRWW3JW.jpeg?type=w720",
    "들꽃나라펜션": "https://image.goodchoice.kr/resize_1280x1024/affiliate/2023/04/13/14/4d4d63fbf99c4d12a7f6ab2c4eca9b36.jpg",
    "갤러리&펜션 풍경소리": "https://lh4.googleusercontent.com/proxy/ryw6rMOTF5vlD2ttxKyfKzi42MTtZihIut2QyV9M0v-VjxEu-7W5Y13s8WKAk0BSF6W_QEeJlv7BBHA6XFfm6JuSrTo-Vb1rT3FzXBQ2hV5H",
    "솔방울펜션": "https://yaimg.yanolja.com/v5/2023/09/21/16/650c6d97011542.70827618.png",
    "가리벨리 관광펜션(가리벨리관광펜션휴양타운)": "https://tong.visitkorea.or.kr/cms/resource/37/2571137_image2_1.jpeg",
    "인제호텔(INJE HOTEL)": "https://tong.visitkorea.or.kr/cms/resource/16/2690916_image2_1.jpg",
    "라이프위드도그": "https://sitem.ssgcdn.com/37/44/52/item/1000266524437_i1_750.jpg",
    "보리네민박": "https://files.ban-life.com/content/2023/07/body_1690782380.jpg",
    "맑은물리조트": "https://yaimg.yanolja.com/v5/2024/07/18/15/1280/66993428c2a679.86666231.jpg",
    "동국대학교 만해마을": "https://image.goodchoice.kr/resize_1280x1024/affiliate/2024/07/01/66824c18ca931.jpg",
    "호텔 스카이락": "https://img1.daumcdn.net/thumb/R800x0/?scode=mtistory2&fname=https%3A%2F%2Fblog.kakaocdn.net%2Fdn%2FcohZJa%2FbtsHe56M0hk%2F0Va0bXRAc1hh7uYfnMFnq1%2Fimg.jpg",
    "플로팅웨일 설악도적폭포스테이": "https://cf.bstatic.com/xdata/images/hotel/max1024x768/595619005.jpg?k=04f80c09251635eb7e63f777fa3052611b8b85904aeb6453ba63d61fd74ecd99&o=&hp=1",
    "산악코스텔": "https://mblogthumb-phinf.pstatic.net/MjAyNDA1MjNfMjIx/MDAxNzE2NDUzMzkyMjg3.bj7p1FVtVUZSRQaAfAnNYyTqs-mwWbnJqkZAdX0Kl1kg.jwKEC1ktb91VFziU8u2mkT-MUZJF9gB8XPXN1XCC2vcg.JPEG/20240503%EF%BC%BF185039.jpg?type=w800",
    "진동너와촌 해마루펜션": "https://lh4.googleusercontent.com/proxy/6RT33K3XJMcrTm4dIdp_PJUevGe3OPHD8hXpPbTSiuVRdlpdJyClkrdVPBI8POhBRFUJRRUVuQ9TpusrY2B6HY0AfVKks4yU82k",
    "진동리의아침": "https://lh3.googleusercontent.com/proxy/Y2KOGRdfY570EO8TgHUfrUBI-ornl0MVRKBnI5Ox1JYn2nm4I1QtnA0Mqx9ETtLPvHBL6_jcmjJKolE8YZqkX63qivAuQSgEOkfQqrJveHPOfqU",
    "인제관광농원": "https://mblogthumb-phinf.pstatic.net/MjAxNzA3MDRfMjAw/MDAxNDk5MTQ2MjQ2MzQw.4SA1B1T7jbAwIvsEfBZfS64z6H6-cG60118mL4vW-JQg.cGpei_MmCHZwUXqh9XdlaEZRpwKTwgBDeAakojitIrIg.JPEG.yrjs0211/1.JPG?type=w800",
    "숲속힐링이야기": "https://yaimg.yanolja.com/v5/2025/04/19/23/6804329e693018.50023695.jpg",
    "펜션포유": "https://encrypted-tbn0.gstatic.com/images?q=tbn:ANd9GcR6627FC39Bl8MxaC9viZJmgrxk3EN4Ilxhhw&s",
    "하이원 그랜드 호텔카지노": "https://images.trvl-media.com/lodging/2000000/1690000/1680600/1680534/4648f57f.jpg?impolicy=resizecrop&rw=575&rh=575&ra=fill",
    "하이원 팰리스호텔": "https://images.trvl-media.com/lodging/5000000/4200000/4190500/4190445/a8d912c9.jpg?impolicy=resizecrop&rw=575&rh=575&ra=fill",
    "퍼시먼 관광호텔": "https://yaimg.yanolja.com/v5/2022/08/25/10/1280/63074c80939e74.21167646.jpg",
    "골든메이플관광호텔": "https://media.triple.guide/triple-cms/c_limit,f_auto,h_1024,w_1024/32227632-65ab-4328-bbb9-789398213ca7",
    "엘스관광호텔": "https://pix10.agoda.net/hotelImages/285701/-1/a6da262b7afe2fce0e5663169257b1c5.jpg?ce=0&s=1024x768",
    "하이원리조트": "https://image.edaily.co.kr/images/Photo/files/NP/S/2019/04/PS19040100131.jpg",
    "메이힐스리조트": "https://q-xx.bstatic.com/xdata/images/hotel/max500/432398852.jpg?k=a20ed24d371e69c6a9c14024ba5b2b53873062d5013e649273818058d205c963&o=",
    "하이캐슬리조트": "https://encrypted-tbn0.gstatic.com/images?q=tbn:ANd9GcQ40fhpdGEWZedWVLcbGOnZ3o6vU9FvtFFCkg&s",
    "파크로쉬 리조트": "https://cf.bstatic.com/xdata/images/hotel/max1024x768/128027759.jpg?k=52b3a3acdaf2a845c89dc584ad5e939ea7cb3e33cd953cfa22a73b9964e2b817&o=&hp=1",
    "강이흐르는마을 펜션": "https://encrypted-tbn0.gstatic.com/images?q=tbn:ANd9GcQ0uJEu4wRWRtt94edDs8O1QsZBby6DNFa3tQ&s",
    "아미띠에펜션": "https://lh6.googleusercontent.com/proxy/J7qwd8yxMSKUz8jGV6MMOQ5pTU1Q3rn1yXwE6QheKz8em54WMAMaQvKDy9rENmzF3e1qiCajtw_p8mrVKHRpQmCeXBjKdzgBHiEXzRonurS-47I_VDtIbzK8u5sv_ooVrEXnmerJcvqzn3YCf2kqR0DvTByzGbSNkEaMA94",
    "스타호텔": "https://yaimg.yanolja.com/v5/2022/06/23/11/1280/62b44b13892f17.77744299.jpg",
    "흙과소나무": "https://mblogthumb-phinf.pstatic.net/MjAxNzA3MjRfNjgg/MDAxNTAwODg2MjQwNjEw.5O3D4UF1zZCXvZ_MjUp35mpSF7iBWy4Y_NsDg8fJ3eMg.kYYfXM08nQvCV9IGZG5nDWepTimp6s4tWPUdTIef528g.JPEG.medimom/IMG_7512.JPG?type=w800",
    "정선황토펜션": "https://tong.visitkorea.or.kr/cms/resource/00/2921000_image2_1.jpg",
    "코코펜션(구 백가지 나무이야기)": "https://tong.visitkorea.or.kr/cms/resource/25/553625_image2_1.jpg",
    "갤럭시 모텔": "https://thumb.tidesquare.com/raw/https%3A%2F%2Fyaimg.yanolja.com%2Fresize%2Fplace%2Fv4%2F2017%2F08%2F24%2F21%2F599ec8f36d34b7.96664532.jpg?type=om_pc_big",
    "상유재": "https://minio.nculture.org/amsweb-opt/multimedia_assets/1/72930/69036/c/%EC%A0%95%EC%84%A0-%EC%83%81%EC%9C%A0%EC%9E%AC-%EA%B3%A0%ED%83%9D_%EB%AC%B8%ED%99%94%EC%9E%AC%EC%B2%AD_%EC%A0%9C1%EC%9C%A0%ED%98%95-medium-size.jpg",
    "강과 소나무": "https://ldb-phinf.pstatic.net/20220707_122/1657180419949kCf59_JPEG/7.jpg?type=f750_420_60_sharpen",
    "모래불 펜션(모래불 스테이)": "https://static.wixstatic.com/media/4c2679_492b075f8cbc4d0e9ebfc7f5c3a0c0da~mv2.jpg/v1/fill/w_318,h_212,al_c,q_80,usm_0.66_1.00_0.01,enc_avif,quality_auto/JIN02282.jpg",
    "백두대간 약초나라": "https://nstayimg4.speedgabia.com/yakcho/ex/ex_01.jpg",
    "마을호텔18번가": "https://dynamic-media-cdn.tripadvisor.com/media/photo-o/1c/5b/21/46/18.jpg?w=900&h=500&s=1",
    "그랜드 인투라온호텔 정선": "https://q-xx.bstatic.com/xdata/images/hotel/max500/269785388.jpg?k=a78fcb3f8e91888e1ede15d601f4a41977c220b9251995951309bd75d72085e3&o=",
    "프로방스 펜션": "https://i.ytimg.com/vi/oA5HAMYH8Ec/maxresdefault.jpg",
    "메이플펜션": "https://image.goodchoice.kr/resize_1280x1024/affiliate/2023/06/26/17/p102000_6hvJtDzE_A4B1_28729.jpg",
    "하이하늘펜션": "https://a0.muscache.com/im/pictures/624130f6-d6dd-4012-9d25-1b6ebeea1cda.jpg?im_w=720",
    "락있수다펜션": "https://yaimg.yanolja.com/v5/2019/12/11/18/1280/5df0b2266b6416.16876135.jpg",
    "또바기콘도펜션": "https://image.goodchoice.kr/resize_1280x1024/affiliate/2018/10/19/5bc9580285c35.jpg",
    "가리왕산이야기 펜션": "https://image.goodchoice.kr/resize_1280x1024/affiliate/2019/05/20/5ce240c69bd9f.jpg",
    "도원펜션": "https://yaimg.yanolja.com/v5/2023/12/16/19/1280/657df3f82e1e91.01157165.jpg",
    "은하수와여울 펜션": "https://mblogthumb-phinf.pstatic.net/MjAxOTA3MTdfOSAg/MDAxNTYzMzc0Mzg5MDAw.mLpjrcYiWhVeY4xh2upXlXxRUcUsUBDAYen-x1juf1kg.LZT27P4vAWsDNL754rQmVQMo0oqrzHjTED85tyDLyuQg.JPEG.rhcvlsms7788/20190713_075830_HDR.jpg?type=w800",
    "하이랜드호텔": "https://access.visitkorea.or.kr/bfvk_img/call?cmd=VIEW&id=6a5e905d-014c-4508-9325-755bf428baca&",
    "해피스테이션 기차펜션": "https://tong.visitkorea.or.kr/cms/resource/25/1825225_image2_1.jpg",
    "달빛마을": "https://mblogthumb-phinf.pstatic.net/MjAyMDAxMDJfMTU4/MDAxNTc3OTQ1MTI1ODMy.vylSEppy_J6PqIlPwtwx5QTflrZrLycg9f0VibRd5Xkg.0igvtuwi-tiY-KpUeaL27FyR5a2DttPmNNWkfmpdyq4g.JPEG.schc221/SE-3c14b7d1-6545-4a83-9396-6dafa92b4f20.jpg?type=w800",
    "물소리바람소리펜션": "https://tong.visitkorea.or.kr/cms/resource/61/1825061_image2_1.jpg",
    "한탄리버스파호텔": "https://dynamic-media-cdn.tripadvisor.com/media/photo-o/08/55/ee/5f/caption.jpg?w=900&h=-1&s=1",
    "그린모텔": "https://tong.visitkorea.or.kr/cms/resource/32/597632_image2_1.jpg",
    "하늘마루 펜션": "https://lh6.googleusercontent.com/proxy/nY-FEIQzlEEX5qaE5SsFe9wgwO5tZ7zO5w9zL_tEcOtOsu0uC1-oKDqMChe1GQE9uhPDQC78tvylqetZ_1PqfDlqiamsFd4BighsOaRRaJjX5ht9n65tDVERNEs3S4pka7-Y2zKmq-뱨",
    "고다리조트": "https://mblogthumb-phinf.pstatic.net/MjAxODA2MTNfMTk0/MDAxNTI4ODYyNDcwODYw.RmsLf2edAp0oWMML2PrzBmt-4WTWLHFlCHF1lAtD6nAg.Q9GOvW1RqXrWZxDBBxfWTea-u2v-X1xC9lvEtFFPXa0g.JPEG.narudooly/23.jpg?type=w800",
    "별비내리는마을펜션": "https://yaimg.yanolja.com/v5/2024/10/08/14/1280/670547c66c54c4.10132063.jpg",
    "케렌시아펜션": "https://yaimg.yanolja.com/v5/2024/10/09/17/1280/6706c2506104e7.04325465.jpg",
    "바위샘펜션": "https://yaimg.yanolja.com/v5/2024/06/12/13/1280/6669a8c028dd77.81366364.jpg",
    "마이그린 펜션": "https://tong.visitkorea.or.kr/cms/resource/62/1843162_image2_1.jpg",
    "새바라기 펜션": "https://mblogthumb-phinf.pstatic.net/20140117_98/jhkt114_138992050629349U6T_JPEG/1.jpg?type=w420",
    "별이든 샘 펜션": "https://mblogthumb-phinf.pstatic.net/MjAxOTA4MTZfMTk1/MDAxNTY1OTMyOTA5NDgw.gbSvSf-SXlzsbrwJa9zgnVi_OOiIts6volIKyC2PITIg.h1wK3ykq1TVJ60_S_iTsJDfW2yWIDLpLg4D92WJAkYkg.JPEG.jmslove1007/20190816_142015.jpg?type=w800",
    "노스텔지아 펜션": "https://encrypted-tbn0.gstatic.com/images?q=tbn:ANd9GcTMz0TvEcIFpaGGxlRRxxb_sEck1pYuVls2Wg&s",
    "별헤는밤": "https://yaimg.yanolja.com/v5/2021/10/28/09/1280/617a6c2509a466.86615472.jpg",
    "오벨리스크": "https://mblogthumb-phinf.pstatic.net/MjAyMzA5MDZfMjk5/MDAxNjkzOTc3MTg0OTU5.ilQHXAJ3kPY1Od0bMB8iHwYbISyjgM-k18RNp3i3BfYg.9BVDH0o39Q7eqFx9lFlLluVK-XWTN9tcNsbN106yvzwg.JPEG.lounge11667/1.JPG?type=w800",
    "한탄강 디퍼펜션": "https://encrypted-tbn0.gstatic.com/images?q=tbn:ANd9GcSmngDoyvgg3h_KMrIWF5nlDg1HNb3WEIcQRQ&s",
    "마운틴밸리 펜션": "https://yaimg.yanolja.com/v5/2023/06/12/09/6486e48e41aa51.54427672.jpg",
    "늘푸른 펜션": "https://image.goodchoice.kr/resize_1280x1024/affiliate/2023/04/17/11/ff029d21433c4fff8c78f00a6a5ace32.jpg",
    "꿈의궁전모텔": "https://cdn.visitkorea.or.kr/img/call?cmd=VIEW&id=81476d0e-dcf7-4737-8366-43c9374c26ff",
    "대명관광호텔": "https://cdn.visitkorea.or.kr/img/call?cmd=VIEW&id=b7fbfb47-edd4-43d8-952c-5787e997ad38",
    "드림파크모텔": "https://cdn.visitkorea.or.kr/img/call?cmd=VIEW&id=12a66311-63d8-4bd8-93f3-9d825020d302",
    "춘천베어스관광호텔": "https://img.ntcdn.net/data/2007/12/20/15/1198133473476a10e1334ee_bears.jpg",
    "레고랜드호텔": "https://cf.bstatic.com/xdata/images/hotel/max1024x768/492443656.jpg?k=b993bf614df46766a1eb06b7b1c101815a38965381ae4faabb175fddb9b961d5&o=&hp=1",
    "호텔공지천": "https://staynmore.com/photo/hotel/KAG/1790/1/exp_17429_1641195407_0.jpg",
    "에스파스호스텔": "https://yaimg.yanolja.com/v5/2022/09/30/16/1280/63371903d9d268.21500988.jpg",
    "도도스테이": "https://yaimg.yanolja.com/v5/2023/03/22/13/1280/641b029331d388.10779599.jpg",
    "호텔 인트로": "https://yaimg.yanolja.com/v5/2025/04/21/02/6805b08d8a7531.31161801.jpg",
    "강촌 느티나무마을펜션": "https://tong.visitkorea.or.kr/cms/resource/81/2045681_image2_1.JPG",
    "춘천세종호텔": "https://www.chunchonsejong.co.kr/file/image.do?path=temp_uploads/2018/12/&name=MI5MHCo2KdoRFaS.png",
    "강촌w펜션": "https://encrypted-tbn0.gstatic.com/images?q=tbn:ANd9GcSQx4msyI-BPsvDdQlneJslYer9TsmVI1FsNw&s",
    "강촌잠빌펜션": "https://mblogthumb-phinf.pstatic.net/MjAyMTEyMjBfODgg/MDAxNjM5OTg1Njk3NzUw.ItUt13K8HshXCj0hgH9oIUw_yUzWV_CvwYlfZv7gRSgg.e_RjDMJxjypKWu6b0BXbj03jVVibIL1dSM4oZk6RBwQg.JPEG.rkswlsnskd/1.jpg?type=w800",
    "수한예": "https://encrypted-tbn0.gstatic.com/images?q=tbn:ANd9GcQGnsw5Za5k_YkjFARqBAkVmTark5MRjxyQmg&s",
    "해피리버펜션": "https://img.danawa.com/prod_img/500000/720/246/img/20246720_1.jpg?shrink=360:360&_v=20230519145252",
    "수하늘펜션": "https://encrypted-tbn0.gstatic.com/images?q=tbn:ANd9GcRyO0T7TtaT_JXq5VuBaN06rkIMatGgYTGkMw&s",
    "호텔정관루별관(콘도별장)": "https://tong.visitkorea.or.kr/cms/resource/37/2815937_image2_1.jpg",
    "SH게스트하우스": "https://modo-phinf.pstatic.net/20181120_298/1542695127985Jj7RM_JPEG/mosa8oGBc5.jpeg?type=w720",
    "로하스테이": "https://mblogthumb-phinf.pstatic.net/MjAyMDEwMTlfMjIw/MDAxNjAzMDYyNzMzNTA4.TKJCnZnSYiqIwb6peLivLNxRMbqgCqmokG1soumcmXYg.Vr0iCfVbAlBHnumaUCRcGU2_kPKvoJasX6TGsC1FpJEg.JPEG.katcad2/20201015_1954382.jpg?type=w420",
    "한율재": "https://cf.bstatic.com/xdata/images/hotel/max1024x768/536397046.jpg?k=b0aca9cee17aee8e1bb4c8bdf87a28910544015aa7b391868f6e54495dd222d9&o=&hp=1",
    "케이티엔지(KT&G) 상상마당춘천스테이": "https://image.goodchoice.kr/resize_1280x1024/affiliate/2016/05/31/574d5245c6f26.jpg",
    "더잭슨나인스호텔": "https://encrypted-tbn0.gstatic.com/images?q=tbn:ANd9GcQU1xiVQ6vdh0sxQWB51kl8RkrbowPtvNCQgQ&s",
    "춘천일기스테이": "https://cf.bstatic.com/xdata/images/hotel/max1024x768/586667854.jpg?k=afc2892a58e874b79f6e74348f63bacf085fc6dd94f05999c507d87d6e63c4ab&o=&hp=1",
    "남이섬설리조트": "https://encrypted-tbn0.gstatic.com/images?q=tbn:ANd9GcQ-0S4nuUQMCJMZQ83kD1ssUhMYA7k_cbqxYw&s",
    "봄스테이": "https://cf.bstatic.com/xdata/images/hotel/max1024x768/198179095.jpg?k=045ebd9f7fba37e9761a66a49dd35563e05356c25cc02cf9626e9242cab27fe1&o=&hp=1",
    "쏠리오": "https://mblogthumb-phinf.pstatic.net/MjAyMzA2MDZfMjEw/MDAxNjg2MDI1OTU1Njkz.9jhaCZee41bH-QWsXa_5LG-sq5mAjYeApJXAyZ0wz0Eg.aMW-YATwvjnLB6a8HwsaPhv6MjhuDtDObbbLFCigi6Qg.JPEG.codud210/1686025949023.jpg?type=w800",
    "하늘풍경펜션": "https://media.triple.guide/triple-cms/c_limit,f_auto,h_1024,w_1024/c4669366-ab9c-49fd-8eee-70aa21515496",
    "리버웍펜션": "https://imgtour.gmarket.co.kr/KR/K08/100525372/b578a00b9111465ca5b34e61337eb1bb_20191210101741.jpg",
    "아름다운집": "https://image.goodchoice.kr/resize_1280x1024/affiliate/2024/07/26/10/gUMf8ZD765mO.jpg",
    "비안단테 펜션": "https://cf.bstatic.com/xdata/images/hotel/max1024x768/595618498.jpg?k=26a13d53a271f50a7fb7159dee1aa04843d5af020a4a0742392c338638f603f5&o=&hp=1",
    "헤이춘천": "https://dynamic-media-cdn.tripadvisor.com/media/photo-o/14/0b/50/bb/caption.jpg?w=900&h=500&s=1",
    "1962호텔": "https://mblogthumb-phinf.pstatic.net/MjAyMjA4MDRfNjIg/MDAxNjU5NTY5NTUwMDcy.q2tqwis6bcuiPXUDuv6KVsXr_R8zs_7qWcrsUw8zzsYg.L8o__IPFUsMMP1il_2xpCiuYGOA3gDCtgRoWTEayrCgg.JPEG.wlgp0451/output_2188146585.jpg?type=w800",
    "넘버25 호텔 남춘천점": "https://yaimg.yanolja.com/v5/2022/09/06/09/1280/631713a3697ad0.36703494.jpg",
    "리버사이드호텔": "https://yaimg.yanolja.com/v5/2023/06/15/10/1280/648ae677d12288.19471930.jpg",
    "브라운도트호텔 남춘천점": "https://mblogthumb-phinf.pstatic.net/MjAyMzA5MTdfMjc5/MDAxNjk0OTMzMDIyODEy.EoL5sPUYWz68KlMmBTfdXfnAf9VsPEKZsP0Gk7f_axEg.CJhD3rsnBLZa1wzwrFUfIpFm7doDFqxeqHc-hhW95BMg.JPEG.park-yeji/4.jpg?type=w800",
    "스테이 물결": "https://www.stayfolio.com/_next/image?url=https%3A%2F%2Fblogthumb.pstatic.net%2FMjAyNTAzMDJfODEg%2FMDAxNzQwOTAwOTQxNTcw.iOcFBNpnFahMGp1I5EkNNbEHUI5546b6g9uUbDMHClMg.fzQT-EEjw8nJPH8jBs0vknUYBeWF3c0ivUQiOtmPWgUg.JPEG%2Foutput_1739611459.jpg%3Ftype%3Dw2&w=1920&q=75",    
    "YlangYlang": "https://tong.visitkorea.or.kr/cms/resource/21/2920021_image2_1.jpg",
    "호연담": "https://encrypted-tbn0.gstatic.com/images?q=tbn:ANd9GcQLeqDRTITaQ2kje86Els4USagm-4Wlyi7VRg&s",
    "호텔정관루본관": "https://encrypted-tbn0.gstatic.com/images?q=tbn:ANd9GcRTuykv3df8KW6PBcNnvASzpO8Hyc47D2y_oA&s",
    "리젠트모텔": "https://tong.visitkorea.or.kr/cms/resource/72/588472_image2_1.jpg",
    "제이드모텔": "https://yaimg.yanolja.com/v5/2019/04/17/10/1280/5cb687f8d6b984.86135128.jpg",
    "큐모텔": "https://q-xx.bstatic.com/xdata/images/hotel/max500/157368493.jpg?k=961c589502d1d03bd90cc5ab40e1d1493d54af5d38883e75e1618f1255e4b80e&o=",
    "테마모텔": "https://mblogthumb-phinf.pstatic.net/20160122_194/yanoljabiz_1453453821922hUyYH_JPEG/IMG_9417.JPG?type=w420",
    "숲속의강촌": "https://imgtour.gmarket.co.kr/KR/K08/100789378/100789378_3707626_20240924235709.jpg",
    "태백관광호텔(SORANO HOTEL)": "https://encrypted-tbn0.gstatic.com/images?q=tbn:ANd9GcRbWn4qsMuAhe9uP9BNRfK6JRbMYP5ZdN6xiw&s",
    "설화국가족 호텔": "https://encrypted-tbn0.gstatic.com/images?q=tbn:ANd9GcToCuVffm9svDwELYxMtGpi8LMYHBEhBgQMUw&s",
    "오투(O2)리조트": "https://encrypted-tbn0.gstatic.com/images?q=tbn:ANd9GcTWp3VIJ7YtW27gv9c1A2Ou_pc90lSoCru2zA&s",
    "리베라모텔(태백)": "https://encrypted-tbn0.gstatic.com/images?q=tbn:ANd9GcSWxE9jXj7ZpURUQagDIECZbJYqCrP-vgwcHA&s",
    "태백산 한옥펜션[한국관광 품질인증/Korea Quality]": "https://encrypted-tbn0.gstatic.com/images?q=tbn:ANd9GcSMY3j38nb-11TIknABood7-I7NE3Qewqlq9A&s",
    "통리게스트하우스": "https://encrypted-tbn0.gstatic.com/images?q=tbn:ANd9GcReWguib9jov4sVPbzHZOgc1yhrI-qo5w_gGA&s",
    "동아호텔": "https://yaimg.yanolja.com/v5/2024/03/04/17/1280/65e5ffd9d123e7.18260494.jpg",
    "시대장모텔": "https://yaimg.yanolja.com/v5/2023/05/09/16/1280/645a729bf12bd4.18670702.jpg",
    "태백호텔": "https://yaimg.yanolja.com/v5/2022/10/20/10/1280/63511fc93de081.32858618.jpg",
    "이지스모텔": "https://encrypted-tbn0.gstatic.com/images?q=tbn:ANd9GcQ8ev_D6HJ1v-vDUcFVj6NEXcSsU6PWRtaeZw&s",
    "알프스모텔": "https://encrypted-tbn0.gstatic.com/images?q=tbn:ANd9GcRIlQTlRF5MT3Z6_Cr_vC_l5SdpAylDIR9xkQ&s",
    "패스텔모텔": "https://yaimg.yanolja.com/v5/2024/03/04/17/1280/65e6082271d130.38055250.jpg",
    "드래곤밸리호텔": "https://encrypted-tbn0.gstatic.com/images?q=tbn:ANd9GcRbNLd1b17BxnIfmReAWKEbQqWhNv8C8FVqhQ&s",
    "켄싱턴플로라호텔평창": "https://encrypted-tbn0.gstatic.com/images?q=tbn:ANd9GcRbT3s-YI1UVGmq4D5ElIy5vCLg_x6WLvy0ng&s",
    "휘닉스파크호텔": "https://cf.bstatic.com/xdata/images/hotel/max1024x768/652436079.jpg?k=95301d49b84e2ea467c1b3c4d921bfe7cb7f2d919cfd5381bdfb3d1eeb42d0cd&o=&hp=1",
    "인터컨티넨탈 알펜시아평창리조트": "https://images.trvl-media.com/lodging/4000000/3120000/3114400/3114314/9c3208db.jpg?impolicy=resizecrop&rw=575&rh=575&ra=fill",
    "홀리데이인리조트": "https://encrypted-tbn0.gstatic.com/images?q=tbn:ANd9GcS0lozlJIDrYO5WseRtFEnPcNYq9pAmMwTxQw&s",
    "서림관광호텔": "https://pcta700.or.kr/wp-content/uploads/2021/02/SBB_1524sbb_1524-1024x684.jpg",
    "고려궁 전통한옥호텔": "https://pcta700.or.kr/wp-content/uploads/2020/09/9.jpg",
    "㈜현대엘리엇호텔 앤드리조트": "https://cf.bstatic.com/xdata/images/hotel/max1024x768/199619451.jpg?k=67f06abb46b5665e65a718e69a2b764adac6cf5462a7256dd5f37e2e4e4ee31f&o=&hp=1",
    "한화호텔&리조트 평창한화콘도": "https://encrypted-tbn0.gstatic.com/images?q=tbn:ANd9GcRw_ojudUJuNvfzYVSOwx_jT7zCTNT5TdMWtg&s",
    "홀리데이인스위트": "https://q-xx.bstatic.com/xdata/images/hotel/max500/571956940.jpg?k=dac37c255968d49656fc8bdb3a2a11c891a5b2e07e9364929c41eca9d1cb3210&o=",
    "아이원리조트": "https://encrypted-tbn0.gstatic.com/images?q=tbn:ANd9GcTw-oNqKFL9plJ0HhK1_pLFRfRpbzCyxvUgBg&s",
    "용평4-3차 아폴리스 콘도": "https://encrypted-tbn0.gstatic.com/images?q=tbn:ANd9GcR51sWf3WhlN8AlP527W6xO8SxC_Naal8CHSw&s",
    "한국전통음식문화체험관(정강원)": "https://encrypted-tbn0.gstatic.com/images?q=tbn:ANd9GcQsNbJbJU1gj0dj9ouXni8fF2OHVgMgXxu_Dw&s",
    "베리온리조트": "https://cf.bstatic.com/xdata/images/hotel/max500/394390738.jpg?k=56295884a22ad589dc1142a4e9ed107b3fbffa9a3194ed34c951056dadcc0e0b&o=&hp=1",
    "휘닉스 평창 콘도": "https://phoenixhnr.co.kr/images/ko/guide/pyeongchang/operation/reNew2023/view/view_experience02.jpg",
    "관광펜션 시실리(평창시실리펜션)": "https://encrypted-tbn0.gstatic.com/images?q=tbn:ANd9GcS-t6HV5Q2Ak6b9emiqE26Ra0eJQ6XqHSX2IQ&s",
    "솔섬마을 관광펜션": "https://encrypted-tbn0.gstatic.com/images?q=tbn:ANd9GcTk2VU7hkXbS_FE2-0anaYqAaMxt0YB3YUTZA&s",
    "휘닉스평창 유스호스텔": "https://encrypted-tbn0.gstatic.com/images?q=tbn:ANd9GcSMIXPRDGCSDpKtWyfvCBM4zggAUC_snIAn6Q&s",
    "샬레리조트": "https://q-xx.bstatic.com/xdata/images/hotel/max1024x768/402801621.jpg?k=fbce5138652376897570be002e5314af6d075443c8aef00ee922659fed403dce&o=",
    "올리브뷰띠끄": "https://encrypted-tbn0.gstatic.com/images?q=tbn:ANd9GcQ5_qX083M2j-bP7fH4wGxAOYm_Sk1X34L1Qg&s",
    "12월의왈츠펜션": "https://encrypted-tbn0.gstatic.com/images?q=tbn:ANd9GcTUfMJ9Fa9_ck9XJ3rRV5tzLzCjUkL9-A5WGw&s",
    "계방산자연농원": "https://encrypted-tbn0.gstatic.com/images?q=tbn:ANd9GcQPEQLHH9RDhJ7EeoEZhsjCnQu68ze28yM_Tw&s",
    "키스멧코티지": "https://encrypted-tbn0.gstatic.com/images?q=tbn:ANd9GcR8fY7bWnApiRzry-3VDSzKS4tP_p3aHJnkAg&s",
    "산내들펜션": "https://encrypted-tbn0.gstatic.com/images?q=tbn:ANd9GcSDBDY2JM--aBhLxPGa4ERDHl4ga6yD-ckr3Q&s",
    "플로렌스펜션": "https://encrypted-tbn0.gstatic.com/images?q=tbn:ANd9GcRERKhEXVSzAFNHBd5zUQgPCNfDAEflxZ4UkA&s",
    "비움 펜션": "https://encrypted-tbn0.gstatic.com/images?q=tbn:ANd9GcS5JDoVpgtJ67s1fOqdo8qqdJfFMkk8WA4-eQ&s",
    "어름치펜션": "https://encrypted-tbn0.gstatic.com/images?q=tbn:ANd9GcTspoCjpkGJcciZ4MDriO6YwmavMREumCUYOw&s",
    "우미정": "https://tong.visitkorea.or.kr/cms/resource/63/2800063_image2_1.jpg",
    "보궁민박": "https://encrypted-tbn0.gstatic.com/images?q=tbn:ANd9GcRh_RZYiiJwCXq8f1hr0hVegtNJSqBetXxPgw&s",
    "채울": "https://encrypted-tbn0.gstatic.com/images?q=tbn:ANd9GcSvWW8N6ukgnsF5qDTdo6xdg5js1pnV0scKqg&s",
    "정강원 관광농원": "https://yaimg.yanolja.com/v5/2020/04/24/14/1280/5ea2771fc67408.86511645.JPG",
    "가을동화펜션": "https://encrypted-tbn0.gstatic.com/images?q=tbn:ANd9GcRUL2dTElhw1rzAPz9KjoHPXyG15AboMYQA9w&s",
    "평창이야기펜션": "https://yaimg.yanolja.com/v5/2025/01/14/02/1280/6785d0e5ab0a98.71181062.jpg",
    "벤치하우스 펜션": "https://yaimg.yanolja.com/v5/2024/06/17/10/1280/66700f0d5789d4.61488510.jpg",
    "우리민박": "https://encrypted-tbn0.gstatic.com/images?q=tbn:ANd9GcQNnhzbuznP_rz7FB8kL4wYSorhgWp5BJMwhg&s",
    "수정펜션": "https://encrypted-tbn0.gstatic.com/images?q=tbn:ANd9GcR_I7MW6DmDHsOYl59p6N2jlpfdvPRweXdoiw&s",
    "솔밭개울펜션": "https://encrypted-tbn0.gstatic.com/images?q=tbn:ANd9GcQC9Lp1-FNMEFK7qH7p_HQxtZDX8mkEMIl9_w&s",
    "엔젤드림펜션": "https://yaimg.yanolja.com/v5/2024/08/14/15/1280/66bcd02ac7b7b7.28593195.jpg",
    "AM호텔": "https://www.hotelscombined.co.kr/himg/64/e7/08/revato-2305624-12136670-709578.jpg",
    "체르맛트": "https://mblogthumb-phinf.pstatic.net/MjAyMjExMjlfNjAg/MDAxNjY5NzA2NTE0NTIz.LDtlQh1Wj2XTeN4ODhphX3b_ZJpi4oJK8IVegcSNprgg.KBZ-t4IEuTcCpLtys8lwwZOXfdrVAJ7LIJZLEBSTMOcg.JPEG.shinysnu/1669706064438.jpg?type=w800",
    "베리온리조트2": "https://encrypted-tbn0.gstatic.com/images?q=tbn:ANd9GcRs-DoJWvFDI4vBjC3TxYlBha05MttidA7Rhw&s",
    "힐링하시개": "https://encrypted-tbn0.gstatic.com/images?q=tbn:ANd9GcRy3mUd4RB-Iqm2ho2_qZAx8xzdHgKYCTknKg&s",
    "베리온리조트1": "https://i.ytimg.com/vi/RWbkg2zsrcA/maxresdefault.jpg",
    "화이트캐빈": "https://cf.bstatic.com/xdata/images/hotel/max1024x768/184117085.jpg?k=a4a5dca198d03fde6746c2725bec0cf98fbdab5fbd2aafbbb743bb5ad79e4d08&o=&hp=1",
    "가재와곰펜션": "https://encrypted-tbn0.gstatic.com/images?q=tbn:ANd9GcTe0mVl45kgngnFnpEpxTFzRwqVGUBoMaliCg&s",
    "라마다호텔&스위트평창": "https://encrypted-tbn0.gstatic.com/images?q=tbn:ANd9GcTSaJetDjso7Dl6CbqtUur0Zqxk8Xnnw9P9mA&s",
    "더마루": "https://encrypted-tbn0.gstatic.com/images?q=tbn:ANd9GcTBKAqBB3nFTkp9BgwaWyF9MGb9A95Dzze6ow&s",
    "에이엠호텔": "https://tong.visitkorea.or.kr/cms/resource/17/2763017_image2_1.jpg",
    "더화이트호텔": "https://cf.bstatic.com/xdata/images/hotel/max1024x768/250948903.jpg?k=4a2aeb09d0ad3f328de20eca09920aec064c6b7c5dc7a6bdacf7b117c5796f8e&o=&hp=1",
    "안단테 북펜션": "https://modo-phinf.pstatic.net/20151210_257/1449716334985ITj1m_JPEG/mosaOLpkVU.jpeg?type=w720",
    "별빛나루 펜션": "https://encrypted-tbn0.gstatic.com/images?q=tbn:ANd9GcQZjsUxxDHHld5mcy55N3zh9ifDCD_4yZ-KvA&s",
    "작은통나무집 펜션": "https://encrypted-tbn0.gstatic.com/images?q=tbn:ANd9GcQwbm2ChHqPq_bCFt9dtcljGGFIQgwdibo4Tw&s",
    "돈막골펜션": "https://encrypted-tbn0.gstatic.com/images?q=tbn:ANd9GcSvr6QKsTSa-44X4qRhHMRyp6ox0xpO2eYikQ&s",
    "평창강가에서펜션": "https://encrypted-tbn0.gstatic.com/images?q=tbn:ANd9GcQZ9dO92U2DqXXgTYkzAH9v7ZpgWsq8H89qMg&s",
    "숲사이길펜션": "https://image.goodchoice.kr/affiliate/2025/05/07/12/abb8f316e10a4fcaa630c2d8c3ceba89.jpg",
    "융프라우펜션": "https://yaimg.yanolja.com/v5/2024/07/29/15/1280/66a7bb611b4b32.70928581.jpg",
    "산모랭이펜션": "https://encrypted-tbn0.gstatic.com/images?q=tbn:ANd9GcSsQzthAS1EVmCfOMC-7qmjFYfQTWhMvLnDZw&s",
    "계절이 지나가는 하늘": "https://encrypted-tbn0.gstatic.com/images?q=tbn:ANd9GcR__nBuDkn02DMc9z8RZSRt0pY8caVQ-KxBRA&s",
    "베니스펜션": "https://encrypted-tbn0.gstatic.com/images?q=tbn:ANd9GcR9btBMsUk6wAJFwJ3FPu-lPkuZpEJT5p-UMw&s",
    "그림같은집": "https://encrypted-tbn0.gstatic.com/images?q=tbn:ANd9GcTuaRx1rAF-4B4RFCZ5h_G4_XHCfF8BwWeVTQ&s",
    "애비로드": "https://tong.visitkorea.or.kr/cms/resource/80/2801580_image2_1.jpg",
    "송림펜션": "https://cf.bstatic.com/xdata/images/hotel/max1024x768/595618613.jpg?k=8272119d1e9ff7bdfcb2cc20fd0a3805b4a8f1ea0b88926eb81e8702f53518e5&o=&hp=1",
    "다차펜션": "https://yaimg.yanolja.com/v5/2025/04/28/04/1280/680f093b20ddf7.96760500.jpg",
    "안개꽃필무렵": "https://encrypted-tbn0.gstatic.com/images?q=tbn:ANd9GcTBj0Ix8kTTDDVCf8cYynuGV3tqikPSx_-pdg&s",
    "쪽빛하늘펜션": "https://image.goodchoice.kr/affiliate/2024/08/21/10/554b17e4694145bcbbdb14db9779ae06.jpg",
    "퀸스가든펜션": "https://image.goodchoice.kr/affiliate/2024/03/12/08/73353af611ed45ee95b60582335a0d3c.jpg",
    "펜션그림": "https://image.goodchoice.kr/resize_1280x1024/affiliate/2021/07/30/00/ae82dc2efc9545c4b1a8d0a13c7a5f5f.jpg",
    "우리빌리지펜션": "https://encrypted-tbn0.gstatic.com/images?q=tbn:ANd9GcQA2COduracmAPbI6pK7uOKLGGy8qyKNq517Q&s",
    "T-Pension": "https://tong.visitkorea.or.kr/cms/resource/22/2764622_image2_1.jpg",
    "쉼펜션": "https://d2mgzmtdeipcjp.cloudfront.net/files/waus/2023/05/12/1683845441042.jpg",
    "강애산애펜션": "https://imgtour.gmarket.co.kr/KR/K08/100782702/100782702_8524223_20250514015256.jpg",
    "하이디하우스": "https://encrypted-tbn0.gstatic.com/images?q=tbn:ANd9GcR7HJv6FgntAU44jCFoYiuXgCbA2gQLaSiVzw&s",
    "봉평별빛펜션": "https://image.goodchoice.kr/affiliate/2023/10/10/23/ac5bdf7423ed483d8b656b1bdbaa57fd.jpg",
    "비블로스펜션": "https://encrypted-tbn0.gstatic.com/images?q=tbn:ANd9GcSpFM_gVetN9xkKzMWoKcPgU5JFRg1Wpsh5NQ&s",
    "펜션수가성": "https://encrypted-tbn0.gstatic.com/images?q=tbn:ANd9GcSnbUauPc4DhFup1MIxg9i_MT0-8GmmAL0A8w&s",
    "이스턴파크": "https://cf.bstatic.com/xdata/images/hotel/max1024x768/100396585.jpg?k=13081c405d1d943febb28cd18fcc02a240eedaf0d929c02e6aecfa330090d6da&o=&hp=1",
    "하우스봉봉": "https://image.goodchoice.kr/affiliate/2024/06/13/12/1717468460363CDVMVUN4VttrEPD23Hz.jpg",
    "메이페어 데네브": "https://pensionzava.com/_psjava/_data/ykpension/info/PSJ-1516086224_0.jpg",
    "대관령에델바이스펜션": "https://yaimg.yanolja.com/v5/2019/05/14/10/1280/5cda142bafe414.02934961.jpg",
    "푸른솔펜션": "https://image.goodchoice.kr/resize_1280x1024/affiliate/2022/07/29/62e33c7166294.jpg",
    "칸델라통나무펜션": "https://encrypted-tbn0.gstatic.com/images?q=tbn:ANd9GcRbMikPvT3M78JxDOENk9lzywYitwFuC_h2Pw&s",
    "아침의 소리": "https://아침의소리.kr/theme/yr_int01/img/main/st1/st1_img1.jpg",
    "대관령하우스": "https://encrypted-tbn0.gstatic.com/images?q=tbn:ANd9GcR4LgBzajT6asMwi0sXGZ-vmOCi6yzuKTuCqg&s",
    "솔숲": "https://yaimg.yanolja.com/v5/2022/11/12/12/1280/636f8ba1ad12e8.91471076.jpg",
    "메이페어 리겔": "https://peton.me/data/file/addPlace/%EB%A9%94%EC%9D%B4%ED%8E%98%EC%96%B4_%EB%A6%AC%EA%B2%94_%EC%95%88%ED%9D%A5%EB%8F%99%EA%B8%B8_1.webp",
    "마메별": "https://image.goodchoice.kr/resize_1280x1024/affiliate/2022/10/31/14/8a3f83011a9843758645ea1fb301facb.jpg",
    "꼬마성": "https://encrypted-tbn0.gstatic.com/images?q=tbn:ANd9GcSS5Ptxc8Wnouq9cgAN0Hsx5zZ4Q3VS5Xw4Yg&s",
    "개여울": "https://encrypted-tbn0.gstatic.com/images?q=tbn:ANd9GcSsXLtX5lcKmoEJzihH5VvHDGYrlWsga9Esqg&s",
    "아리오": "https://encrypted-tbn0.gstatic.com/images?q=tbn:ANd9GcQhEw5Pdf2f-e9f3utKB5iiKeE8T65otiS8qQ&s",
    "(주)나온 리조트팰리즈": "https://encrypted-tbn0.gstatic.com/images?q=tbn:ANd9GcQPrnAJXmRrTrJB13UFuIXKSUIR8s6p_fgukw&s",
    "대관령로뎀나무": "https://cf.bstatic.com/xdata/images/hotel/max1024x768/116097215.jpg?k=14ea04413b98700101e8ba9de71a5b9faedc4c95d62a6345b4e4bdc3e171b946&o=&hp=1",
    "선영아사랑해": "https://yaimg.yanolja.com/v5/2023/09/26/17/1280/65131a1f5c8fb3.46889983.jpg",
    "안단테펜션": "https://yaimg.yanolja.com/v5/2025/04/19/10/1280/68037e7772cfc2.97130289.jpg",
    "핑크하우스": "https://encrypted-tbn0.gstatic.com/images?q=tbn:ANd9GcRov48PSlPEiBvJAruyu9Zylxca4pzu5YhIWw&s",
    "스노우힐펜션": "https://encrypted-tbn0.gstatic.com/images?q=tbn:ANd9GcTykej1mUu6_qOD2b7kUaQ6GOR1jZngBxnAMw&s",
    "그리네펜션": "https://encrypted-tbn0.gstatic.com/images?q=tbn:ANd9GcRdoaRZE3PjEawI3Ekp9fthilsQFz5iNzmHWg&s",
    "메이페어나르샤": "https://encrypted-tbn0.gstatic.com/images?q=tbn:ANd9GcT-XyE6ZEfhYtiETSwjEzqVaMWB48en5XIquQ&s",
    "푸른하늘펜션(펜트하우스펜션)": "https://encrypted-tbn0.gstatic.com/images?q=tbn:ANd9GcRA52GnCDhB5rDHtjMBwwT-GEB_lB77cV1BYw&s",
    "하늘닿은펜션": "https://encrypted-tbn0.gstatic.com/images?q=tbn:ANd9GcQlA6dbjEDNt_4UOMwYkM8Y1kTjRt_BBSWDxQ&s",
    "펜스토리": "https://encrypted-tbn0.gstatic.com/images?q=tbn:ANd9GcQ11Jjh0W4QRQgaCcK01AH_hZon4ENroL9qIA&s",
    "대관령아름다운펜션": "https://encrypted-tbn0.gstatic.com/images?q=tbn:ANd9GcTFKQvRiuAApPKwyNd2myKNIZIRPw1kXtwRGg&s",
    "대관령그린필드펜션": "https://image.goodchoice.kr/resize_1280x1024/affiliate/2023/04/14/15/c8dbabe9b1d440bfb63d60e8da710510.jpg",
    "로얄장모텔": "https://encrypted-tbn0.gstatic.com/images?q=tbn:ANd9GcRYpfXP9fue3F5ZbIcEpgCVNbjW7oCrdKjcew&s",
    "평창아름다운세상": "https://encrypted-tbn0.gstatic.com/images?q=tbn:ANd9GcQJPcBRIrdaME76caUmj22kL7Uy2wtLmu0PmA&s",
    "부성파크": "https://encrypted-tbn0.gstatic.com/images?q=tbn:ANd9GcS_jXzT63fdPsJ1UmvQIItXNM4k39tuuUR0ZQ&s",
    "프라하21펜션": "https://encrypted-tbn0.gstatic.com/images?q=tbn:ANd9GcR2ximg2GvRObvOid0nDpA9Aw52aUURDMuAFg&s",
    "구름위의테라스": "https://cf.bstatic.com/xdata/images/hotel/max1024x768/64318459.jpg?k=57ed76b0cb3ea29035d13dacead430aa16299aab73176879bedf9724ef79df9a&o=&hp=1",
    "오대산별빛동산펜션": "https://www.thefestival.co.kr/upfile/photo/2010/12/thumb_b_85705_1292824468.jpg",
    "초가집황토펜션": "https://encrypted-tbn0.gstatic.com/images?q=tbn:ANd9GcTWDuCaQW3BaPmK1ukyMnLaUtKf4ftckv_TjA&s",
    "황미숙펜션": "https://encrypted-tbn0.gstatic.com/images?q=tbn:ANd9GcQ3GU7eeY1HO4c4R3RCfDnzoVgQku5oM4YTRQ&s",
    "더파머스": "https://mblogthumb-phinf.pstatic.net/MjAyMTA5MDZfMjUg/MDAxNjMwODU3ODg4NDE5.sKUiVxlGviWfZ_bUzqUlqlLxUwDtfOvtRmseze22B44g.NiFj8RIBSuC61nHFBfZSx7cvHfsXdGb3gZRpVybABqYg.JPEG.dhdnfjtod/SE-0ea1fdee-0b27-11ec-a4f9-93e6d3127cf6.jpg?type=w800",
    "평창강펜션": "https://encrypted-tbn0.gstatic.com/images?q=tbn:ANd9GcTgmCbMxXsQpBpaLwEEqB-__6OxO27oi4gUjw&s",
    "뇌운계곡사람들": "https://encrypted-tbn0.gstatic.com/images?q=tbn:ANd9GcRRCDy-ZP5mkzDgYIgfCapnmTvYtQISmYqQmg&s",
    "두산민박": "https://encrypted-tbn0.gstatic.com/images?q=tbn:ANd9GcTuXJkofnbxdeB4brd5zqffpH5RWszg21gBLw&s",
    "로뎀나무펜션": "https://yaimg.yanolja.com/v5/2024/02/29/14/65e09a100e0dd7.22881903.jpg",
    "메아리펜션": "https://encrypted-tbn0.gstatic.com/images?q=tbn:ANd9GcThuB08ChsGR-74TMANx4FLyTMppYC8McINtw&s",
    "둥지민박": "https://encrypted-tbn0.gstatic.com/images?q=tbn:ANd9GcSQuGVVVdmWp5QrUYV5H80B8VOzJRaa0TVwZw&s",
    "옹기종기펜션": "https://encrypted-tbn0.gstatic.com/images?q=tbn:ANd9GcRs-zyEWCjPYjiVZMevtq_c_zz7QYZfMWlYDA&s",
    "평창필그림펜션": "https://encrypted-tbn0.gstatic.com/images?q=tbn:ANd9GcScwrGNvJaaczf9tvOoLFJXwl0JB-v_-Bfi4g&s",
    "평창강힐링하우스": "https://image.goodchoice.kr/resize_1280x1024/affiliate/2018/07/16/5b4c3304adffc.jpg",
    "평창 다온숲 펜션": "https://encrypted-tbn0.gstatic.com/images?q=tbn:ANd9GcRu2WyPE8YfRqq7AGVl5VXQ8AOY9xfs1k9DyA&s",
    "평창힐링스테이": "https://encrypted-tbn0.gstatic.com/images?q=tbn:ANd9GcS9Ux-UwAEiHQsp50YSpdMADYIypoytunTTQQ&s",
    "리버사이드": "https://encrypted-tbn0.gstatic.com/images?q=tbn:ANd9GcTDdoHM9iaXUYORs8YxS648tGAJ_qzhVdsi7A&s",
    "숲속하얀뜰": "https://tong.visitkorea.or.kr/cms/resource/78/2800878_image2_1.jpg",
    "대관령옛길펜션-바이올렛": "https://encrypted-tbn0.gstatic.com/images?q=tbn:ANd9GcRELsax330FbQzNfpiyHLujrLU9LKQvUbw13g&s",
    "대관령옛길펜션-화이트": "https://encrypted-tbn0.gstatic.com/images?q=tbn:ANd9GcTpur6ieErFJhUmtXhl0UYV3OVPeo3v2sRLgw&s",
    "에브라임": "https://yaimg.yanolja.com/v5/2024/07/29/16/66a7c14b359790.60562811.jpg",
    "해맑은마을": "https://tong.visitkorea.or.kr/cms/resource/02/2801102_image2_1.JPG",
    "산마을풍경": "https://encrypted-tbn0.gstatic.com/images?q=tbn:ANd9GcQon0VEkBiwX8-MqMQ3f9BKBSMOoIYVp_vPQw&s",
    "산들맘 펜션": "https://encrypted-tbn0.gstatic.com/images?q=tbn:ANd9GcQqtVB_xsZ-yrgN2RlcTOloD5iYO-ngoUC9Aw&s",
    "별 따러 가자": "https://encrypted-tbn0.gstatic.com/images?q=tbn:ANd9GcQXBuCDXBqBJiKcsv6pdrSDKmRkZvTShxqdNg&s",
    "리프레쉬 펜션&캠핑장": "https://mblogthumb-phinf.pstatic.net/MjAyMTA3MjJfMjQy/MDAxNjI2OTMzMDY0NzM4.hTEDTWXotgSVzzDTPN9eQ0vYO22q2lcAWa26VyJUznkg.17Zt9C0Y4DBfOH1p-DrV_5gMSVRpKyKKhjc35SYazWkg.JPEG.srjjangjjang/IMG_2862.jpg?type=w800",
    "시골밥상펜션": "https://modo-phinf.pstatic.net/20150427_200/14301247985471A7P1_JPEG/mosaSDa5BK.jpeg?type=w720",
    "돌배나무세그루": "https://yaimg.yanolja.com/v5/2025/04/20/15/1280/680518069821f5.82379011.jpg",
    "더 휴": "https://encrypted-tbn0.gstatic.com/images?q=tbn:ANd9GcQbnQ2PgB8f5ugNuxSF7dHdEbTeRl8m284loQ&s",
    "대박이하우스": "https://mblogthumb-phinf.pstatic.net/MjAyMjA1MjVfMTg3/MDAxNjUzNDU5OTAyNzE3.bSbGWFJcIzd-Vds4dFEcAM_Go4caPGge17KpFQeN3Fkg.pitYfPnzOlq_iT99r-04b4wA-Ev5tEo5kcJOFJ0MnLog.JPEG.ptmazinga/20220519_095935.jpg?type=w800",
    "눈꽃새 펜션": "https://image.goodchoice.kr/resize_1280x1024/affiliate/2021/08/11/61131769107d4.jpg",
    "기와집농박": "https://tong.visitkorea.or.kr/cms/resource/68/2801468_image2_1.jpg",
    "흥정계곡409": "https://image.goodchoice.kr/resize_1280x1024/affiliate/2024/07/01/13/74545e8f-9717-4a18-ab45-f7c1606f00ab-original.jpg",    
    "THE 힐링펜션": "https://yaimg.yanolja.com/v5/2020/07/06/12/1280/5f029f148d1638.44893419.jpg",
    "도그밀리(DOGMILY)": "https://tong.visitkorea.or.kr/cms/resource/92/2801592_image2_1.jpg",
    "욜로하우스": "https://encrypted-tbn0.gstatic.com/images?q=tbn:ANd9GcQkyl1AGaqWZUuzVoC-zkl8uExLSzGlAJEEOA&s",
    "으지네민박": "https://www.petel.co.kr/html/up_images/ptel_img/1675302884-5-m.jpg",
    "봉쥬르펜션": "https://img.ddnayo.com/DataImage/0010/1730697713025abr9wGZlwR5AOFSEKqS.jpg",
    "그랑샤리오": "https://encrypted-tbn0.gstatic.com/images?q=tbn:ANd9GcQ8XOzd51b8MA4cHd5SaRybykHe4a7_Hw2ZRg&s",
    "라비앙펜션": "https://encrypted-tbn0.gstatic.com/images?q=tbn:ANd9GcS2CLGXs0MbL91KQF8no0ZymqEGo9yPCwG-iQ&s",
    "평창듀오애견수영장계곡펜션": "https://encrypted-tbn0.gstatic.com/images?q=tbn:ANd9GcRkvzPnYPup9Yl_HxcWJL68WtLnPTz5yIbrZQ&s",
    "아침에새소리": "https://encrypted-tbn0.gstatic.com/images?q=tbn:ANd9GcQcZeJv6p7WdPwDP1fjBts_DZuYbhHCLnwLmA&s",
    "봄여름가을겨울": "https://encrypted-tbn0.gstatic.com/images?q=tbn:ANd9GcREmq6AVM_eJvYfBBTjowLFJISzAo7By4-MPw&s",
    "HJ매그놀리아용평호텔앤리조트": "https://thumb.mt.co.kr/06/2019/04/2019042210512968778_1.jpg/dims/optimize/",
    "바다내음펜션": "https://thumb.tidesquare.com/raw/https%3A%2F%2Fimg.ddnayo.com%2FDataImage%2F0010%2Fcc545fc334e94137ad2727a4f109c792.jpg?type=om_pc_big",
    "숲속의 요정": "https://d3edy9y3v7d67c.cloudfront.net/rooms/10212/images/960/i83632.jpg",
    "펜션 리운산장": "https://encrypted-tbn0.gstatic.com/images?q=tbn:ANd9GcROAXIE_mH_VPljOKWTa6qceW1aV5OkEl4B_g&s",
    "아트인아일랜드": "https://encrypted-tbn0.gstatic.com/images?q=tbn:ANd9GcR3oa52xfcdymE2OASYwj1q8UNU3iSn0-ZKBQ&s",
    "소노문 비발디파크": "https://yaimg.yanolja.com/v5/2022/10/12/13/1280/6346c8300fc093.96750177.jpg",
    "호텔화양강": "https://pix10.agoda.net/hotelImages/226/2266783/2266783_17052020390053119695.jpg?ca=6&ce=1&s=414x232&ar=16x9",
    "세이지우드 호텔 홍천": "https://yaimg.yanolja.com/v5/2024/07/09/11/1280/668d2215b94f87.55659792.jpg",
    "안개자니펜션": "https://lh3.googleusercontent.com/proxy/fCVTdQrY80sZeeq-T_H-JqAtM3Sg5296Ps5uw1yFSSAZd-aGUm-zCZ5jFLLFjnW4G1gck-jAbjZBxIjG_TFQBM43sgXMuKAODOc",
    "신영펜션": "https://lh4.googleusercontent.com/proxy/QTgXAh4jxd123L8qDUwlZv5d5FxqMsooxKYbVWAfeBQl7MUy24LoltQbrxblOhEy9WJNY6zQ8bw31hdc5a9v", 
    "구름속의 산책 키즈풀빌라": "https://encrypted-tbn0.gstatic.com/images?q=tbn:ANd9GcQwq8GbL5L3xd_ZecFksCthyAA80JBAM4Iz7w&s",
    "하늘호수 키즈풀빌라": "https://img.einet.kr/P201806014/home/slider/mo/1.jpg?v=1557204732",
    "인마이라이프": "https://image.goodchoice.kr/affiliate/2024/11/06/17/X90aY7LtnHKz.jpg",
    "홍천 ST리조텔": "https://mblogthumb-phinf.pstatic.net/MjAyMjA0MDlfMiAg/MDAxNjQ5NDg2NjU4MzEx.0tad6HEtXVcolUt8ltx6iAC3MRluiZBGSehdC4sJ_VEg.p_rNCtAfq8S36DxTun5dj9AdORbffksbtHKAXxDpKoIg.JPEG.epthai/1.jpg?type=w800",
    "고향의봄": "https://encrypted-tbn0.gstatic.com/images?q=tbn:ANd9GcQZmrtlwVDGc0g3mgRMpbRKn9lZ3SP0ZAThyw&s",
    "힐리언스 선마을": "https://img.healience.co.kr/upload/board/20221206/9a993e75-42f1-401d-b303-cdc6e9464a56.jpg",
    "시실리펜션(펜션시실리)": "https://dynamic-media-cdn.tripadvisor.com/media/photo-o/09/d2/fa/b8/caption.jpg?w=900&h=-1&s=1",
    "SKY비발디펜션": "https://cf.bstatic.com/xdata/images/hotel/max1024x768/262672112.jpg?k=8b493d418a86b1d4db1146a8617a468d63ae15c5c66d3a6a11773fef51b41500&o=&hp=1",
    "펫티움애견펜션": "https://image.goodchoice.kr/resize_1280x1024/affiliate/2021/07/30/00/b0a3eeece56949d093a30c7aacd9f6ab.jpg",
    "유리트리트": "https://image.goodchoice.kr/images/cms/home_img/20190926140850667391099.jpg",
    "빌리지736": "https://yaimg.yanolja.com/v5/2025/01/02/03/1280/677607c595a9a7.55054593.jpg",
    "펜션아이리스": "https://encrypted-tbn0.gstatic.com/images?q=tbn:ANd9GcR2KUIQh7y0_FqzeNDlwA7IDC2gTLtpB4-3Bg&s",
    "펜션푸름": "https://images.trvl-media.com/lodging/49000000/48820000/48811100/48811022/44d90b35.jpg?impolicy=resizecrop&rw=575&rh=575&ra=fill",
    "너른바위": "https://yaimg.yanolja.com/v5/2025/04/19/04/1280/68032909e82cb3.33312697.jpg",
    "물안개피는 들꽃나루펜션": "https://lh3.googleusercontent.com/proxy/9d4ecrsObKkUFQyM05auRS9dFCkc78gDDDR3zz86kjGVtid0yeznVqta8ITc6WJyHicZ6s2z_UzeOhdxq78TGgJXLsLtjkTZAW7yAm4V17LMj9uUW570hs5MqxZukoMXDSOoRSc3XlmGWdn9j374",
    "곰펜션": "https://image.goodchoice.kr/affiliate/2024/05/27/11/16865387845501wPp7U5vjE8zVKxzAHE.jpg",
    "타샤의 정원": "https://lh6.googleusercontent.com/proxy/HYA2t06ZS8Ai_oMdeIkexK-B-Kq2VLaaMKhqerqkEIH__EhHq67aE3Fm7yJH_-1ljifGpWAE_y_uEFjxCy47q0UEwKjVro2UuZXqtNNXreQMnhYWe-yhdX-RojIoUr21bfmPqstK14kDsN19HbZmNdps",
    "양덕드림빌 펜션": "https://peton.me/data/file/addPlace/%EC%96%91%EB%8D%95%EB%93%9C%EB%A6%BC%EB%B9%8C%ED%8E%9C%EC%85%98_%ED%99%94%EC%A0%84%EB%93%A4%EA%B8%B8_1.webp",
    "솔향기 펜션": "https://cf.bstatic.com/xdata/images/hotel/max1024x768/107327139.jpg?k=2d032dcc52354e82076f8452057ff2c4e9514cc979362cf621fc0e96caf3e278&o=&hp=1",
    "까사모로": "https://yaimg.yanolja.com/v5/2024/10/28/09/671f54f36cf353.39265024.jpg",
    "강변의수채화 펜션": "https://yaimg.yanolja.com/v5/2024/05/24/14/1280/6650a3961606d6.09587683.jpg",
    "세도나 펜션": "https://yaimg.yanolja.com/v5/2021/07/30/11/6103e9a13efd02.97631241.jpg",
    "아레나 펜션": "https://yaimg.yanolja.com/v5/2025/03/11/05/1280/67cfcad7e05c38.11802492.jpg",
    "티라미스 펜션": "https://d2mgzmtdeipcjp.cloudfront.net/files/waus/2023/08/06/1691311754476.jpg",
    "리버힐펜션": "https://mblogthumb-phinf.pstatic.net/MjAxOTEyMzBfMTYg/MDAxNTc3Njc2NzY1Nzk1.5Mmqj7ePSgKd5YtwQ0jPdosVEIKy6eKQmC4eshNPbQMg.mulMo71Rqi8Vju-jyunBW-Ige9E2udJ59ENV9uLvnsMg.JPEG.wlsaj2218/1.JPG?type=w800",
    "고흐와 해바라기": "https://image.withstatic.com/243/352/434/3f6418dc0d6142a4a14f9a328c4f8142.jpg",
    "아름다운기억": "https://encrypted-tbn0.gstatic.com/images?q=tbn:ANd9GcT2b3fsIR3qpWVdXjHLb5HUD2VkeVsgbZUr-A&s",
    "멜로즈펜션": "https://lh6.googleusercontent.com/proxy/_EJwcRmBK-SLlxnIhrzXhUBkC3Cx3A3-v5eHSWwE8ERp7ql9ciQLhTUqS4xUva6oZB0qIhBpaD8Es3-nZZfEoBpASCk",
    "펜션강가애": "https://q-xx.bstatic.com/xdata/images/hotel/max500/616768124.jpg?k=b1b870e104637f878ce08794f4efe31e872984b57b6a688b90169bd4e883e96c&o=",
    "응아지나루": "https://mblogthumb-phinf.pstatic.net/MjAyMjA1MDZfMTMy/MDAxNjUxODQ0MjEzNDc4.IzH8WIsHsEmP3liuS1fXtN0W9Etgut4NbxGCxAmoQDkg.om1Y3nBDb9_T7okySjp6Lkr4m4BVAtZy3uDOynxxUjEg.JPEG.jaewon8411/SE-1e2b3dba-ef73-4518-aef1-962c066b870d.jpg?type=w800",
    "강가의성": "https://yaimg.yanolja.com/v5/2023/12/31/13/1280/65916dc104e546.85503588.jpg",
    "알프스대영 골프빌리지": "https://www.alpsdy.com/Mobile/images/main_visual02.jpg",
    "웰리힐리CC 페어웨이빌라(히든힐스) ": "https://www.topgolfm.kr/imgdata/topgolfm_kr/202007/2020070841565470.jpg",
    "웰리힐리파크": "https://www.ilsungresort.co.kr/images/subs/resort/wellihillipark.jpg",
    "호텔 휘닉스": "https://encrypted-tbn0.gstatic.com/images?q=tbn:ANd9GcSxTr4Xu5BWEPBOg7xL1_XE9VmsTh351kU3pw&s",
    "제너두": "https://mblogthumb-phinf.pstatic.net/MjAyMDEwMDdfMjcz/MDAxNjAyMDYxNjExMjcx.lf8neyXRc6Pv5VDGg-SLGnqeOkrc9geVYjT28-1sktUg.d42MrXo6f7fpGt1L0eGYjXPt9bPC4H9QuK4JT7CqytUg.JPEG.yangsart/SE-16befe2d-0737-4397-9c76-b3114f877af1.jpg?type=w800",
    "뉴월드": "https://yaimg.yanolja.com/v5/2021/10/07/18/1280/615f407e155210.67174226.jpg",
    "모던힐펜션": "https://yaimg.yanolja.com/v5/2020/04/27/14/5ea66f0b828920.74925993.jpg",
    "펜션별을쏘다": "https://image.goodchoice.kr/resize_1280x1024/affiliate/2019/11/22/5dd744cdc0d7d.jpg",
    "별무리펜션": "https://images.trvl-media.com/lodging/40000000/39180000/39177400/39177316/39f40974.jpg?impolicy=resizecrop&rw=575&rh=575&ra=fill",
    "태기산장모텔": "https://encrypted-tbn0.gstatic.com/images?q=tbn:ANd9GcQB4sK4BALHVwB_XK1b33nI9N8MjOgJLpGIeg&s",
    "위드제이": "https://files.ban-life.com/stay/20/09/2023/c089ab539fbf4d0f8b5ee23036c64631.jpeg",
    "청태산힐링펜션": "https://encrypted-tbn0.gstatic.com/images?q=tbn:ANd9GcQCAMu1Is4nyzkrF5Q9kjhZhkZoen87xcLQLQ&s",
    "꿈속에 그린 펜션": "https://image.goodchoice.kr/resize_1280x1024/affiliate/2023/07/12/17/1689146846097XOdnUmqWBphW8mduERr.jpg",
    "오즈모텔": "https://encrypted-tbn0.gstatic.com/images?q=tbn:ANd9GcTLLTPAKNVEj1hQD68mP0iSyCf0QNSH2Ta72w&s",
    "티파니모텔": "https://yaimg.yanolja.com/v5/2021/12/24/15/1280/61c5e0b048a3a5.11541897.jpg"
}